File,aid,Date,2,3,17,33,49,65,81,97,113,129,145,161,177
QC_Night_2009361_aid0001,aid0001,2009-12-27,2090778,19387834,4488640,69.0,,543912,589237,273.0,,8423,8107,,
QC_Night_2010001_aid0001,aid0001,2010-01-01,2023700,19387834,3555416,20.0,,725704,1379052,81.0,,11160,64238,,
QC_Night_2010009_aid0001,aid0001,2010-01-09,707528,19387834,4736312,38.0,,494884,812472,243.0,,2370,5978,,
QC_Night_2010017_aid0001,aid0001,2010-01-17,828675,19387834,4655775,79.0,,793475,917433,114.0,,2694,9962,,
QC_Night_2010025_aid0001,aid0001,2010-01-25,1204225,19387834,4051925,1.0,,826306,1277002,13.0,,6339,18414,,
QC_Night_2010033_aid0001,aid0001,2010-02-02,240717,19387834,4256838,6.0,,1077472,1275630,23.0,,4615,6292,,
QC_Night_2010041_aid0001,aid0001,2010-02-10,886992,19387834,4423855,14.0,1.0,958161,1098956,69.0,,6063,2913,,
QC_Night_2010049_aid0001,aid0001,2010-02-18,1075086,19387834,4192800,8.0,1.0,705578,1276940,21.0,,8430,4100,,
QC_Night_2010057_aid0001,aid0001,2010-02-26,374802,19387834,4195883,15.0,1.0,953193,1311127,33.0,,5262,2685,,
QC_Night_2010065_aid0001,aid0001,2010-03-06,277392,19387834,3354257,6.0,,1034017,2141701,21.0,,5110,4301,,
QC_Night_2010073_aid0001,aid0001,2010-03-14,318128,19387834,3771853,5.0,,1048134,1646201,34.0,,2139,14617,,
QC_Night_2010081_aid0001,aid0001,2010-03-22,726961,19387834,4070147,82.0,,821577,1487190,117.0,,2860,4595,,
QC_Night_2010089_aid0001,aid0001,2010-03-30,806296,19387834,3761444,177.0,,1117587,1767400,144.0,,2425,3612,,
QC_Night_2010097_aid0001,aid0001,2010-04-07,544637,19387834,3843938,17.0,,839806,1736946,26.0,,1816,3015,,
QC_Night_2010105_aid0001,aid0001,2010-04-15,847118,19387834,2338639,43.0,,1170823,2759217,62.0,,2640,36588,,
QC_Night_2010113_aid0001,aid0001,2010-04-23,229548,19387834,4454935,132.0,,880403,1156086,386.0,,1356,1723,,
QC_Night_2010121_aid0001,aid0001,2010-05-01,89042,19387834,4771424,292.0,,801174,867729,344.0,,2987,1211,3.0,
QC_Night_2010129_aid0001,aid0001,2010-05-09,248563,19387834,4614180,456.0,1.0,889557,926134,155.0,2.0,4765,9775,2.0,
QC_Night_2010137_aid0001,aid0001,2010-05-17,427496,19387834,4060291,154.0,,1153684,1317248,165.0,,7489,19865,,
QC_Night_2010145_aid0001,aid0001,2010-05-25,140054,19387834,4493379,749.0,,978706,1082473,2008.0,,1170,5208,,
QC_Night_2010153_aid0001,aid0001,2010-06-02,34766,19387834,4955207,479.0,1.0,590442,691932,1865.0,,2396,957,4.0,
QC_Night_2010161_aid0001,aid0001,2010-06-10,111836,19387834,4768453,770.0,,843903,832840,2859.0,2.0,2292,4972,3.0,
QC_Night_2010169_aid0001,aid0001,2010-06-18,33505,19387834,4831193,691.0,,853575,823245,3589.0,,1080,488,,
QC_Night_2010177_aid0001,aid0001,2010-06-26,92943,19387834,4663881,509.0,,1107825,984849,1432.0,1.0,2381,1480,1.0,
QC_Night_2010185_aid0001,aid0001,2010-07-04,439505,19387834,4185568,717.0,,1040176,1062754,989.0,,3112,14700,,
QC_Night_2010193_aid0001,aid0001,2010-07-12,37229,19387834,5091266,620.0,,768343,553602,1425.0,1.0,1506,1983,,
QC_Night_2010201_aid0001,aid0001,2010-07-20,187987,19387834,4656413,974.0,,956556,904529,3786.0,,2399,2815,,
QC_Night_2010209_aid0001,aid0001,2010-07-28,51691,19387834,5103922,650.0,,1071872,539782,1164.0,3.0,1236,1260,,1.0
QC_Night_2010217_aid0001,aid0001,2010-08-05,55246,19387834,5454071,479.0,,764340,205354,2683.0,,2142,1020,,
QC_Night_2010225_aid0001,aid0001,2010-08-13,36009,19387834,5092367,523.0,,724707,561323,1954.0,1.0,145,803,1.0,
QC_Night_2010233_aid0001,aid0001,2010-08-21,198587,19387834,4498265,620.0,,868835,988784,1313.0,1.0,633,7053,,
QC_Night_2010241_aid0001,aid0001,2010-08-29,140025,19387834,4846507,664.0,3.0,1121874,764191,1520.0,1.0,6681,1670,,
QC_Night_2010249_aid0001,aid0001,2010-09-06,305188,19387834,4084219,179.0,,766184,1272275,1565.0,,1797,9125,,
QC_Night_2010257_aid0001,aid0001,2010-09-14,417949,19387834,4134525,55.0,,1172638,1303064,1527.0,,2880,9492,,
QC_Night_2010265_aid0001,aid0001,2010-09-22,127406,19387834,5021357,326.0,,1003664,613038,3018.0,,2450,880,,
QC_Night_2010273_aid0001,aid0001,2010-09-30,121695,19387834,3868199,207.0,,961086,1685932,1023.0,,822,7653,,
QC_Night_2010281_aid0001,aid0001,2010-10-08,886808,19387834,4446290,373.0,,1014723,941579,1873.0,,3411,17982,,
QC_Night_2010289_aid0001,aid0001,2010-10-16,156793,19387834,4903743,617.0,,890602,724047,1410.0,1.0,6489,563,,
QC_Night_2010297_aid0001,aid0001,2010-10-24,162786,19387834,4095435,121.0,,1023431,1500158,387.0,1.0,695,5059,,
QC_Night_2010305_aid0001,aid0001,2010-11-01,156346,19387834,4527861,21.0,,1052264,1110929,127.0,,2068,1651,,
QC_Night_2010313_aid0001,aid0001,2010-11-09,749931,19387834,3366775,89.0,,1288281,1866189,384.0,,6660,22708,,
QC_Night_2010321_aid0001,aid0001,2010-11-17,553086,19387834,3637843,124.0,,918650,1835999,103.0,1.0,7581,7565,,
QC_Night_2010329_aid0001,aid0001,2010-11-25,828044,19387834,3096882,28.0,1.0,1454576,2182282,35.0,1.0,3293,11537,,
QC_Night_2010337_aid0001,aid0001,2010-12-03,636304,19387834,3479309,57.0,4.0,1329210,1794438,72.0,3.0,11221,36200,,
QC_Night_2010345_aid0001,aid0001,2010-12-11,776146,19387834,3370761,32.0,,1004031,2103216,50.0,,2107,17807,,
QC_Night_2010353_aid0001,aid0001,2010-12-19,1567475,19387834,4584121,5.0,,542195,852766,30.0,,2846,3113,,
QC_Night_2010361_aid0001,aid0001,2010-12-27,1773639,19387834,3980207,88.0,,517969,1231473,128.0,,5894,36462,,
QC_Night_2011001_aid0001,aid0001,2011-01-01,1131121,19387834,3699351,41.0,,879836,1546858,104.0,,2259,26364,,
QC_Night_2011009_aid0001,aid0001,2011-01-09,1875691,19387834,3807813,5.0,3.0,849715,1132191,56.0,,5400,24885,,
QC_Night_2011017_aid0001,aid0001,2011-01-17,804972,19387834,4219033,33.0,1.0,696388,1284849,79.0,,1529,22485,,
QC_Night_2011025_aid0001,aid0001,2011-01-25,104896,19387834,4798667,5.0,,585218,807783,27.0,,1092,14614,,
QC_Night_2011033_aid0001,aid0001,2011-02-02,2244151,19387834,2848312,32.0,,889773,1439882,46.0,,7999,27928,,1.0
QC_Night_2011041_aid0001,aid0001,2011-02-10,2281085,19387834,2478052,13.0,,1106579,1645257,29.0,,6666,42450,,
QC_Night_2011049_aid0001,aid0001,2011-02-18,2086039,19387834,2890646,34.0,2.0,728109,1709189,54.0,3.0,2455,57397,5.0,
QC_Night_2011057_aid0001,aid0001,2011-02-26,2552515,19387834,3140169,11.0,,557521,1350646,26.0,1.0,973,20557,1.0,
QC_Night_2011065_aid0001,aid0001,2011-03-06,2468422,19387834,2762866,12.0,,880238,1796084,58.0,,1395,7714,,
QC_Night_2011073_aid0001,aid0001,2011-03-14,2540336,19387834,2092406,50.0,7.0,1140960,2057402,112.0,10.0,6269,26124,,
QC_Night_2011081_aid0001,aid0001,2011-03-22,1326588,19387834,3935270,3.0,,791831,1402642,36.0,,957,3317,,
QC_Night_2011089_aid0001,aid0001,2011-03-30,2200994,19387834,3402422,2.0,,585242,1427257,12.0,,3635,11877,,
QC_Night_2011097_aid0001,aid0001,2011-04-07,563005,19387834,3668948,44.0,,744493,1896342,76.0,,2591,2921,,
QC_Night_2011105_aid0001,aid0001,2011-04-15,387835,19387834,4131573,109.0,,983523,1485507,220.0,,3508,1049,1.0,
QC_Night_2011113_aid0001,aid0001,2011-04-23,76600,19387834,3934349,14.0,,739689,1669035,13.0,,2096,2386,,
QC_Night_2011121_aid0001,aid0001,2011-05-01,397770,19387834,3571651,51.0,,1138823,1754634,282.0,,1993,10304,,
QC_Night_2011129_aid0001,aid0001,2011-05-09,216261,19387834,4583619,468.0,,852754,937046,1315.0,,2901,3388,,
QC_Night_2011137_aid0001,aid0001,2011-05-17,100831,19387834,4141009,616.0,2.0,892971,1480162,1933.0,14.0,912,1293,2.0,1.0
QC_Night_2011145_aid0001,aid0001,2011-05-25,39982,19387834,5328520,291.0,,490230,315043,594.0,,1241,430,,
QC_Night_2011153_aid0001,aid0001,2011-06-02,49538,19387834,4695776,680.0,1.0,717346,951740,1174.0,,772,1191,1.0,
QC_Night_2011161_aid0001,aid0001,2011-06-10,38077,19387834,5384120,292.0,,502993,268403,457.0,,542,389,,
QC_Night_2011169_aid0001,aid0001,2011-06-18,47189,19387834,5502747,221.0,,560827,138830,617.0,,1138,929,1.0,
QC_Night_2011177_aid0001,aid0001,2011-06-26,50713,19387834,5048119,9.0,,714741,571659,54.0,,91,948,,
QC_Night_2011185_aid0001,aid0001,2011-07-04,261381,19387834,4240070,199.0,1.0,974820,1217232,576.0,,1887,13350,,
QC_Night_2011193_aid0001,aid0001,2011-07-12,80824,19387834,4659651,65.0,,918241,946467,480.0,1.0,414,3213,9.0,
QC_Night_2011201_aid0001,aid0001,2011-07-20,42259,19387834,5214075,192.0,,601528,423992,583.0,,5688,939,,
QC_Night_2011209_aid0001,aid0001,2011-07-28,15772,19387834,5386698,97.0,,480268,251539,358.0,,269,491,,
QC_Night_2011217_aid0001,aid0001,2011-08-05,37751,19387834,5105157,78.0,,695971,537363,373.0,,3028,631,,
QC_Night_2011225_aid0001,aid0001,2011-08-13,36610,19387834,5460259,48.0,1.0,537335,179275,467.0,,313,669,,
QC_Night_2011233_aid0001,aid0001,2011-08-21,23027,19387834,5513330,99.0,,521810,127022,444.0,,593,473,,
QC_Night_2011241_aid0001,aid0001,2011-08-29,71375,19387834,5383345,28.0,,811572,256034,315.0,,1438,1185,,
QC_Night_2011249_aid0001,aid0001,2011-09-06,42747,19387834,5495477,102.0,,592458,145906,468.0,,696,880,,
QC_Night_2011257_aid0001,aid0001,2011-09-14,27234,19387834,5499610,60.0,,635964,138389,297.0,,348,402,,
QC_Night_2011265_aid0001,aid0001,2011-09-22,43716,19387834,4967899,34.0,,661717,677102,146.0,,28,816,,
QC_Night_2011273_aid0001,aid0001,2011-09-30,46717,19387834,4595163,46.0,,747588,1047631,430.0,,351,1073,,
QC_Night_2011281_aid0001,aid0001,2011-10-08,29413,19387834,4741225,35.0,,692322,902077,254.0,,1142,1371,,
QC_Night_2011289_aid0001,aid0001,2011-10-16,255165,19387834,3395896,9.0,,1197982,2167879,174.0,,4760,8914,,
QC_Night_2011297_aid0001,aid0001,2011-10-24,531810,19387834,2649129,61.0,,1265776,2585747,357.0,,2577,17672,,
QC_Night_2011305_aid0001,aid0001,2011-11-01,119899,19387834,3519473,58.0,,1299599,2059339,487.0,,5322,9571,,
QC_Night_2011313_aid0001,aid0001,2011-11-09,768456,19387834,3719033,89.0,,1069320,1443143,124.0,,888,8388,,
QC_Night_2011321_aid0001,aid0001,2011-11-17,919716,19387834,3717717,12.0,,1156105,1645951,233.0,,2082,13545,,
QC_Night_2011329_aid0001,aid0001,2011-11-25,73269,19387834,4668274,12.0,,794743,963778,62.0,,1694,2703,,
QC_Night_2011337_aid0001,aid0001,2011-12-03,779378,19387834,2775890,41.0,,1138296,2498397,104.0,,4666,30907,,
QC_Night_2011345_aid0001,aid0001,2011-12-11,1114333,19387834,3461638,20.0,,1109682,1893134,93.0,,9066,13143,1.0,
QC_Night_2011353_aid0001,aid0001,2011-12-19,753501,19387834,4398770,3.0,,1114352,1158755,6.0,,1417,7864,,
QC_Night_2011361_aid0001,aid0001,2011-12-27,590658,19387834,3966705,12.0,,949271,1553329,24.0,,5517,9522,,
QC_Night_2012001_aid0001,aid0001,2012-01-01,634287,19387834,3353178,1.0,,829122,1776648,23.0,,378,26850,,
QC_Night_2012009_aid0001,aid0001,2012-01-09,1657736,19387834,2439222,8.0,,1049889,2127376,54.0,,22301,18011,,
QC_Night_2012017_aid0001,aid0001,2012-01-17,1565583,19387834,3419934,5.0,,908813,1567567,6.0,,1348,22447,,
QC_Night_2012025_aid0001,aid0001,2012-01-25,2551104,19387834,3455584,8.0,,823916,1339145,18.0,,9275,26131,,
QC_Night_2012033_aid0001,aid0001,2012-02-02,293484,19387834,3660119,5.0,,1054691,1889198,21.0,,1527,11030,,
QC_Night_2012041_aid0001,aid0001,2012-02-10,166951,19387834,3787807,1.0,,1158191,1805380,12.0,,3796,5445,,
QC_Night_2012049_aid0001,aid0001,2012-02-18,1232309,19387834,3643269,16.0,,771037,1592284,64.0,,1255,16981,,
QC_Night_2012057_aid0001,aid0001,2012-02-26,2492262,19387834,2736708,5.0,,981549,1726609,24.0,,2767,43491,,
QC_Night_2012065_aid0001,aid0001,2012-03-05,1173452,19387834,3775921,8.0,,732462,1589450,13.0,,612,5258,,
QC_Night_2012073_aid0001,aid0001,2012-03-13,2744421,19387834,2138879,1.0,,652340,2266686,8.0,,9033,39347,,
QC_Night_2012081_aid0001,aid0001,2012-03-21,336214,19387834,3207121,94.0,,956586,2347745,85.0,,2107,2916,,
QC_Night_2012089_aid0001,aid0001,2012-03-29,81809,19387834,3032190,1.0,,724047,2552509,,,353,8478,,
QC_Night_2012097_aid0001,aid0001,2012-04-06,135234,19387834,4125891,,,697936,1423673,7.0,,1015,4207,,
QC_Night_2012105_aid0001,aid0001,2012-04-14,322328,19387834,2218889,3.0,,1129606,3288764,3.0,,2957,11707,,
QC_Night_2012113_aid0001,aid0001,2012-04-22,83382,19387834,4538383,18.0,,748790,1076427,34.0,,619,1305,,
QC_Night_2012121_aid0001,aid0001,2012-04-30,123195,19387834,4779397,59.0,,616089,857632,90.0,,864,1996,,
QC_Night_2012129_aid0001,aid0001,2012-05-08,224376,19387834,4691363,127.0,,782719,943406,106.0,,1950,887,,
QC_Night_2012137_aid0001,aid0001,2012-05-16,40836,19387834,5113988,52.0,,759876,522571,122.0,,383,534,,
QC_Night_2012145_aid0001,aid0001,2012-05-24,280696,19387834,5397771,98.0,,688329,246237,233.0,,4236,1559,,
QC_Night_2012153_aid0001,aid0001,2012-06-01,36144,19387834,4966698,183.0,,763541,671796,327.0,,2389,1330,,
QC_Night_2012161_aid0001,aid0001,2012-06-09,19343,19387834,5017039,17.0,,647864,619393,270.0,,104,1020,,
QC_Night_2012169_aid0001,aid0001,2012-06-17,26723,19387834,5468361,415.0,,549859,171049,1472.0,,577,1203,,
QC_Night_2012177_aid0001,aid0001,2012-06-25,40896,19387834,5367325,49.0,,743170,271401,633.0,,252,555,1.0,
QC_Night_2012185_aid0001,aid0001,2012-07-03,58907,19387834,5483164,79.0,,663946,165062,401.0,,910,981,,
QC_Night_2012193_aid0001,aid0001,2012-07-11,61400,19387834,5230887,90.0,,990838,404749,703.0,,687,888,6.0,
QC_Night_2012201_aid0001,aid0001,2012-07-19,19721,19387834,5331495,39.0,,647381,298553,150.0,,371,1252,,
QC_Night_2012209_aid0001,aid0001,2012-07-27,55227,19387834,5524176,42.0,,561539,113722,323.0,,532,1119,1.0,
QC_Night_2012217_aid0001,aid0001,2012-08-04,38636,19387834,5543135,146.0,,451889,94441,711.0,,408,873,,
QC_Night_2012225_aid0001,aid0001,2012-08-12,36872,19387834,5483223,36.0,,508817,154985,530.0,,384,268,,
QC_Night_2012233_aid0001,aid0001,2012-08-20,36574,19387834,5379366,68.0,,872630,259759,370.0,,556,557,,
QC_Night_2012241_aid0001,aid0001,2012-08-28,64053,19387834,5341571,17.0,,631991,292302,140.0,,768,302,,
QC_Night_2012249_aid0001,aid0001,2012-09-05,80220,19387834,5456758,184.0,,704806,180674,643.0,,6478,491,1.0,
QC_Night_2012257_aid0001,aid0001,2012-09-13,34793,19387834,5000382,101.0,,678180,643656,567.0,,720,1030,,
QC_Night_2012265_aid0001,aid0001,2012-09-21,42021,19387834,4219796,40.0,,813507,1406370,156.0,,177,2728,,
QC_Night_2012273_aid0001,aid0001,2012-09-29,70974,19387834,5271570,19.0,,727195,370164,189.0,,733,177,,
QC_Night_2012281_aid0001,aid0001,2012-10-07,88501,19387834,5331091,26.0,,481984,304520,392.0,,1009,1608,,
QC_Night_2012289_aid0001,aid0001,2012-10-15,54754,19387834,4926379,28.0,,648413,717159,815.0,,310,844,,
QC_Night_2012297_aid0001,aid0001,2012-10-23,55240,19387834,4419664,60.0,,764473,1209836,113.0,,2375,1748,,
QC_Night_2012305_aid0001,aid0001,2012-10-31,60854,19387834,4229083,16.0,,941332,1399335,112.0,,3835,3998,,
QC_Night_2012313_aid0001,aid0001,2012-11-08,58409,19387834,4715054,36.0,,810477,932258,81.0,,406,1189,,
QC_Night_2012321_aid0001,aid0001,2012-11-16,283718,19387834,4446581,9.0,,785375,1073398,80.0,,3053,15044,,
QC_Night_2012329_aid0001,aid0001,2012-11-24,360031,19387834,4082443,24.0,1.0,1045477,1389713,62.0,,2723,20730,1.0,
QC_Night_2012337_aid0001,aid0001,2012-12-02,374232,19387834,3234414,40.0,,687402,2060344,131.0,,4595,16838,,
QC_Night_2012345_aid0001,aid0001,2012-12-10,1436945,19387834,2140559,4.0,,1139779,2336025,21.0,,5135,85784,,
QC_Night_2012353_aid0001,aid0001,2012-12-18,824231,19387834,4371593,1.0,,823024,1117450,7.0,,5277,7674,,
QC_Night_2012361_aid0001,aid0001,2012-12-26,1292171,19387834,3527179,5.0,,867281,1327645,21.0,,5099,30454,,
QC_Night_2013001_aid0001,aid0001,2013-01-01,473840,19387834,4502650,77.0,,576030,1033560,197.0,,1416,20723,,
QC_Night_2013009_aid0001,aid0001,2013-01-09,470997,19387834,4144735,44.0,,695152,1356680,105.0,,10649,49071,,
QC_Night_2013017_aid0001,aid0001,2013-01-17,1452336,19387834,3865569,6.0,,668044,1230319,26.0,,8366,52625,,
QC_Night_2013025_aid0001,aid0001,2013-01-25,413113,19387834,4433286,1.0,,693691,1127113,4.0,,3666,6777,,
QC_Night_2013033_aid0001,aid0001,2013-02-02,18263,19387834,4379887,4.0,,680510,1250467,24.0,,135,1302,,
QC_Night_2013041_aid0001,aid0001,2013-02-10,1132951,19387834,3416439,5.0,,1108321,1721666,15.0,,7196,26907,,
QC_Night_2013049_aid0001,aid0001,2013-02-18,909332,19387834,3920232,,,983006,1470975,8.0,,5587,13297,,
QC_Night_2013057_aid0001,aid0001,2013-02-26,1176647,19387834,3861406,14.0,,854387,1323062,7.0,,14820,20811,,
QC_Night_2013065_aid0001,aid0001,2013-03-06,412240,19387834,4333438,,,897877,1256113,2.0,,773,2309,,
QC_Night_2013073_aid0001,aid0001,2013-03-14,138806,19387834,4281890,6.0,,714866,1296766,25.0,,1916,9084,2.0,
QC_Night_2013081_aid0001,aid0001,2013-03-22,956280,19387834,3547326,4.0,,794082,1718925,16.0,,7149,55610,,
QC_Night_2013089_aid0001,aid0001,2013-03-30,846852,19387834,2397058,2.0,,1116607,2759704,61.0,,2498,25520,1.0,
QC_Night_2013097_aid0001,aid0001,2013-04-07,617717,19387834,2498203,,,1230820,2803013,8.0,,5662,16009,,
QC_Night_2013105_aid0001,aid0001,2013-04-15,173287,19387834,3920530,43.0,,690137,1596708,94.0,,1561,4363,,
QC_Night_2013113_aid0001,aid0001,2013-04-23,107041,19387834,3774662,184.0,,812857,1811253,122.0,,590,2029,,
QC_Night_2013121_aid0001,aid0001,2013-05-01,249633,19387834,3008011,23.0,,940954,2498595,83.0,,6622,14188,,
QC_Night_2013129_aid0001,aid0001,2013-05-09,506087,19387834,3534898,93.0,,1054056,1675766,94.0,,2080,26629,,
QC_Night_2013137_aid0001,aid0001,2013-05-17,197731,19387834,4778754,98.0,,792740,831144,126.0,,2172,3120,,
QC_Night_2013145_aid0001,aid0001,2013-05-25,218042,19387834,3972817,43.0,,824854,1510135,759.0,,473,5530,2.0,
QC_Night_2013153_aid0001,aid0001,2013-06-02,552975,19387834,3411454,185.0,,1154869,1758864,350.0,,5928,34978,,
QC_Night_2013161_aid0001,aid0001,2013-06-10,134628,19387834,4015415,320.0,,870768,1558231,438.0,,956,5633,3.0,
QC_Night_2013169_aid0001,aid0001,2013-06-18,107102,19387834,5057158,215.0,,834192,591764,1206.0,,9118,1323,,
QC_Night_2013177_aid0001,aid0001,2013-06-26,28893,19387834,5379471,73.0,,680770,260132,250.0,,215,549,,
QC_Night_2013185_aid0001,aid0001,2013-07-04,96936,19387834,4946029,123.0,,1133312,670521,606.0,,2288,2400,,
QC_Night_2013193_aid0001,aid0001,2013-07-12,127021,19387834,4012044,216.0,,1344965,1584017,469.0,,443,5877,,1.0
QC_Night_2013201_aid0001,aid0001,2013-07-20,39150,19387834,5409070,311.0,,694387,240493,865.0,,1003,760,,
QC_Night_2013209_aid0001,aid0001,2013-07-28,49846,19387834,5459780,90.0,,605552,174121,551.0,,1536,1639,,
QC_Night_2013217_aid0001,aid0001,2013-08-05,21279,19387834,5449990,34.0,,462173,191811,254.0,,67,1128,,
QC_Night_2013225_aid0001,aid0001,2013-08-13,40876,19387834,4732973,75.0,,905083,901368,498.0,,451,943,5.0,
QC_Night_2013233_aid0001,aid0001,2013-08-21,30612,19387834,5377715,44.0,,717037,265251,492.0,,775,607,2.0,
QC_Night_2013241_aid0001,aid0001,2013-08-29,28579,19387834,4789030,28.0,,516382,839461,112.0,,1683,1709,,
QC_Night_2013249_aid0001,aid0001,2013-09-06,37630,19387834,4552307,33.0,,940158,1081897,380.0,,285,2126,,
QC_Night_2013257_aid0001,aid0001,2013-09-14,15781,19387834,5421900,206.0,,647486,217361,314.0,,612,506,,
QC_Night_2013265_aid0001,aid0001,2013-09-22,27020,19387834,5135088,42.0,,520714,507474,199.0,,419,388,,
QC_Night_2013273_aid0001,aid0001,2013-09-30,69059,19387834,5490670,23.0,,549285,150892,252.0,,143,233,1.0,
QC_Night_2013281_aid0001,aid0001,2013-10-08,104256,19387834,5130694,32.0,,570399,503541,225.0,,4220,1568,,
QC_Night_2013289_aid0001,aid0001,2013-10-16,52709,19387834,4683122,75.0,,653080,954199,184.0,,866,1953,,
QC_Night_2013297_aid0001,aid0001,2013-10-24,83252,19387834,4324932,170.0,,1010346,1305204,463.0,,1725,1808,,
QC_Night_2013305_aid0001,aid0001,2013-11-01,28701,19387834,4407716,125.0,,663694,1227202,94.0,,1837,3005,,
QC_Night_2013313_aid0001,aid0001,2013-11-09,249994,19387834,3830167,4.0,,1151128,1734933,8.0,,6991,7728,,
QC_Night_2013321_aid0001,aid0001,2013-11-17,1510914,19387834,2625695,2.0,,956034,2503903,5.0,,9753,52470,,
QC_Night_2013329_aid0001,aid0001,2013-11-25,850955,19387834,4057439,1.0,,752551,1497864,6.0,,6691,2424,,
QC_Night_2013337_aid0001,aid0001,2013-12-03,252038,19387834,3660586,6.0,,717477,1844314,15.0,,866,14485,,
QC_Night_2013345_aid0001,aid0001,2013-12-11,175112,19387834,3681474,8.0,,1039974,1912757,35.0,,9977,10170,2.0,
QC_Night_2013353_aid0001,aid0001,2013-12-19,604060,19387834,4348984,3.0,,733323,1029241,27.0,,5666,19411,,
QC_Night_2013361_aid0001,aid0001,2013-12-27,812617,19387834,3899630,17.0,,603230,1248624,74.0,,24842,58767,,
QC_Night_2014001_aid0001,aid0001,2014-01-01,69449,19387834,4572162,3.0,,749831,1065140,135.0,,3978,1652,1.0,
QC_Night_2014009_aid0001,aid0001,2014-01-09,1176633,19387834,4923306,22.0,,522276,625619,45.0,,1190,3936,,
QC_Night_2014017_aid0001,aid0001,2014-01-17,1655907,19387834,3639983,4.0,,500658,1192243,6.0,,3990,26141,,
QC_Night_2014025_aid0001,aid0001,2014-01-25,1127794,19387834,4513805,12.0,1.0,594314,853643,1.0,,5971,11976,,
QC_Night_2014033_aid0001,aid0001,2014-02-02,1838057,19387834,4089502,2.0,,487193,1046153,5.0,,3261,9127,,
QC_Night_2014041_aid0001,aid0001,2014-02-10,997202,19387834,4017692,4.0,,746650,1283893,25.0,,2671,16623,,
QC_Night_2014049_aid0001,aid0001,2014-02-18,882001,19387834,3796202,5.0,,887918,1628608,10.0,,4104,14502,,
QC_Night_2014057_aid0001,aid0001,2014-02-26,1194874,19387834,3739376,8.0,,972581,1381113,6.0,1.0,8874,23584,,
QC_Night_2014065_aid0001,aid0001,2014-03-06,638389,19387834,3893292,1.0,,898371,1654858,3.0,,3486,11243,,
QC_Night_2014073_aid0001,aid0001,2014-03-14,194181,19387834,3459599,1.0,,809616,1995059,14.0,,1082,21001,,
QC_Night_2014081_aid0001,aid0001,2014-03-22,523207,19387834,2955290,3.0,,1049763,2451806,8.0,,5873,19062,,
QC_Night_2014089_aid0001,aid0001,2014-03-30,290680,19387834,3350358,1.0,,900422,2089708,17.0,,2248,9133,,
QC_Night_2014097_aid0001,aid0001,2014-04-07,548783,19387834,3349329,19.0,1.0,976706,2048046,72.0,,3050,2521,,
QC_Night_2014105_aid0001,aid0001,2014-04-15,274160,19387834,4667358,5.0,,797028,956164,49.0,,2001,1243,,
QC_Night_2014113_aid0001,aid0001,2014-04-23,277914,19387834,2793072,21.0,,767804,2614177,42.0,,2048,19599,,
QC_Night_2014121_aid0001,aid0001,2014-05-01,277945,19387834,2877474,497.0,,836293,2512707,219.0,,931,22351,,
QC_Night_2014129_aid0001,aid0001,2014-05-09,357926,19387834,3035226,42.0,,1019389,2291154,61.0,,9944,25912,,
QC_Night_2014137_aid0001,aid0001,2014-05-17,287546,19387834,2646820,35.0,,1133153,2755360,215.0,,2161,33914,,
QC_Night_2014145_aid0001,aid0001,2014-05-25,57929,19387834,4016410,29.0,,1101371,1607845,145.0,,2283,4777,,
QC_Night_2014153_aid0001,aid0001,2014-06-02,47374,19387834,5109225,60.0,,889709,519392,228.0,,157,1091,,
QC_Night_2014161_aid0001,aid0001,2014-06-10,37776,19387834,5151826,44.0,,788931,494782,184.0,1.0,1158,434,,
QC_Night_2014169_aid0001,aid0001,2014-06-18,26846,19387834,5119019,82.0,,766539,519633,158.0,,915,2010,,
QC_Night_2014177_aid0001,aid0001,2014-06-26,42070,19387834,5467033,121.0,,597944,170529,399.0,,1356,364,3.0,
QC_Night_2014185_aid0001,aid0001,2014-07-04,51904,19387834,5449807,637.0,,597858,189312,1014.0,,935,746,,
QC_Night_2014193_aid0001,aid0001,2014-07-12,36233,19387834,5078605,38.0,,853129,571045,309.0,,793,979,,
QC_Night_2014201_aid0001,aid0001,2014-07-20,31210,19387834,5425742,219.0,,589890,216096,458.0,,1486,546,,
QC_Night_2014209_aid0001,aid0001,2014-07-28,32061,19387834,5299020,111.0,,937771,341582,539.0,,2085,541,,
QC_Night_2014217_aid0001,aid0001,2014-08-05,38627,19387834,5387552,52.0,,746160,245380,1024.0,,153,580,,
QC_Night_2014225_aid0001,aid0001,2014-08-13,28265,19387834,5382276,25.0,,595749,260575,282.0,1.0,967,758,,
QC_Night_2014233_aid0001,aid0001,2014-08-21,48719,19387834,5442810,9.0,,494977,188327,81.0,,352,306,,
QC_Night_2014241_aid0001,aid0001,2014-08-29,73596,19387834,5176201,15.0,,476638,433029,87.0,,528,1259,,
QC_Night_2014249_aid0001,aid0001,2014-09-06,25002,19387834,5253337,34.0,,641186,379733,142.0,,712,315,,
QC_Night_2014257_aid0001,aid0001,2014-09-14,47576,19387834,5160222,26.0,,689667,476481,345.0,,3023,928,,
QC_Night_2014265_aid0001,aid0001,2014-09-22,39629,19387834,5424790,34.0,,514640,213982,121.0,,651,533,,
QC_Night_2014273_aid0001,aid0001,2014-09-30,47951,19387834,5023427,16.0,,599950,605016,132.0,,716,392,,
QC_Night_2014281_aid0001,aid0001,2014-10-08,25413,19387834,5311470,45.0,,583035,329209,301.0,,1164,558,,
QC_Night_2014289_aid0001,aid0001,2014-10-16,40344,19387834,4658122,18.0,,748753,971966,64.0,,530,1997,,
QC_Night_2014297_aid0001,aid0001,2014-10-24,59437,19387834,3811790,6.0,,753035,1799300,78.0,,1094,5607,,
QC_Night_2014305_aid0001,aid0001,2014-11-01,48318,19387834,4581409,46.0,,955622,1052840,218.0,,839,1840,,
QC_Night_2014313_aid0001,aid0001,2014-11-09,203539,19387834,3859846,10.0,,740135,1605709,260.0,,3071,20604,,
QC_Night_2014321_aid0001,aid0001,2014-11-17,186108,19387834,3512089,13.0,,895354,1996281,184.0,,2431,23836,,
QC_Night_2014329_aid0001,aid0001,2014-11-25,636971,19387834,3498818,42.0,,1261121,1967469,172.0,,1920,13495,,
QC_Night_2014337_aid0001,aid0001,2014-12-03,745558,19387834,3809302,59.0,,1282192,1518868,141.0,,26132,50898,,
QC_Night_2014345_aid0001,aid0001,2014-12-11,395622,19387834,4109352,9.0,,624608,1415601,7.0,,3639,7805,,
QC_Night_2014353_aid0001,aid0001,2014-12-19,1052229,19387834,3261965,4.0,,867168,1987199,3.0,,6782,15603,,
QC_Night_2014361_aid0001,aid0001,2014-12-27,1593224,19387834,4014221,13.0,,751502,1177348,187.0,,10336,10308,,
QC_Night_2015001_aid0001,aid0001,2015-01-01,2678096,19387834,3142762,1.0,,822673,1206293,2.0,,7046,22146,,
QC_Night_2015009_aid0001,aid0001,2015-01-09,1868373,19387834,3615272,19.0,1.0,701680,1325323,14.0,,7819,34112,3.0,
QC_Night_2015017_aid0001,aid0001,2015-01-17,978392,19387834,4314933,4.0,,692639,1195335,6.0,,8718,11150,1.0,
QC_Night_2015025_aid0001,aid0001,2015-01-25,628662,19387834,3542729,10.0,1.0,901181,1844318,391.0,,1997,6585,,
QC_Night_2015033_aid0001,aid0001,2015-02-02,62450,19387834,4727239,1.0,,701457,912461,4.0,,1929,1474,,
QC_Night_2015041_aid0001,aid0001,2015-02-10,344132,19387834,4486511,1.0,,895788,1114434,1.0,,3446,12121,,
QC_Night_2015049_aid0001,aid0001,2015-02-18,670421,19387834,4210665,10.0,,1012788,1277240,6.0,,4083,24725,,
QC_Night_2015057_aid0001,aid0001,2015-02-26,1586750,19387834,2683527,9.0,,777747,1743368,16.0,,3146,47249,,
QC_Night_2015065_aid0001,aid0001,2015-03-06,554557,19387834,3959015,19.0,,971571,1582032,64.0,,8326,8990,,
QC_Night_2015073_aid0001,aid0001,2015-03-14,84652,19387834,4186035,3.0,,671459,1439588,5.0,,2207,4581,,
QC_Night_2015081_aid0001,aid0001,2015-03-22,540063,19387834,2711063,,,906627,2504428,20.0,,7828,25102,,
QC_Night_2015089_aid0001,aid0001,2015-03-30,411920,19387834,2464572,14.0,,888124,2789646,16.0,,3014,50550,,
QC_Night_2015097_aid0001,aid0001,2015-04-07,218447,19387834,2930351,4.0,,900098,2560169,11.0,,3107,15061,,
QC_Night_2015105_aid0001,aid0001,2015-04-15,1171775,19387834,3175549,131.0,,759090,1464401,101.0,,1862,30959,,
QC_Night_2015113_aid0001,aid0001,2015-04-23,155188,19387834,4246257,49.0,,697899,1285847,65.0,,662,6669,,
QC_Night_2015121_aid0001,aid0001,2015-05-01,32950,19387834,4968764,36.0,,519155,669401,73.0,,660,574,,
QC_Night_2015129_aid0001,aid0001,2015-05-09,46861,19387834,5229668,83.0,,514821,404987,464.0,,291,497,6.0,
QC_Night_2015137_aid0001,aid0001,2015-05-17,308500,19387834,3677875,59.0,,736775,1668848,308.0,,535,17712,,
QC_Night_2015145_aid0001,aid0001,2015-05-25,277326,19387834,3536537,81.0,,1095162,1877877,593.0,,1865,9559,,
QC_Night_2015153_aid0001,aid0001,2015-06-02,30084,19387834,5021830,149.0,,635455,625603,438.0,,1279,633,,
QC_Night_2015161_aid0001,aid0001,2015-06-10,210734,19387834,4029595,120.0,,1210795,1510983,1070.0,1.0,4634,10295,3.0,
QC_Night_2015169_aid0001,aid0001,2015-06-18,23617,19387834,5333837,71.0,,658251,308004,575.0,,732,535,,
QC_Night_2015177_aid0001,aid0001,2015-06-26,47826,19387834,5464757,70.0,,604097,178592,493.0,,422,599,1.0,
QC_Night_2015185_aid0001,aid0001,2015-07-04,27832,19387834,5275678,94.0,,658103,366420,424.0,,902,471,,
QC_Night_2015193_aid0001,aid0001,2015-07-12,54638,19387834,5220525,436.0,,567060,410312,2004.0,,1492,2183,,
QC_Night_2015201_aid0001,aid0001,2015-07-20,82195,19387834,4527810,54.0,,1023807,1066428,302.0,,1184,2106,,
QC_Night_2015209_aid0001,aid0001,2015-07-28,36493,19387834,4939376,214.0,,687417,696438,683.0,,69,768,3.0,
QC_Night_2015217_aid0001,aid0001,2015-08-05,22260,19387834,5425822,172.0,,554726,216910,1172.0,,576,273,,
QC_Night_2015225_aid0001,aid0001,2015-08-13,21314,19387834,4944926,203.0,,612153,698301,1082.0,,578,656,,
QC_Night_2015233_aid0001,aid0001,2015-08-21,243754,19387834,3563108,51.0,3.0,1303327,1912083,316.0,3.0,693,4214,,
QC_Night_2015241_aid0001,aid0001,2015-08-29,26353,19387834,5236787,103.0,,659028,402200,725.0,,444,858,,
QC_Night_2015249_aid0001,aid0001,2015-09-06,31837,19387834,5380234,47.0,,643089,257003,443.0,,1346,490,,
QC_Night_2015257_aid0001,aid0001,2015-09-14,24727,19387834,4718267,24.0,,841549,919090,231.0,,440,422,,
QC_Night_2015265_aid0001,aid0001,2015-09-22,52516,19387834,5396140,47.0,,836009,242549,166.0,,769,520,,
QC_Night_2015273_aid0001,aid0001,2015-09-30,33808,19387834,5236342,30.0,,896730,403023,183.0,,2086,1088,,
QC_Night_2015281_aid0001,aid0001,2015-10-08,92645,19387834,3323690,31.0,,998167,2251899,304.0,,1602,6849,,
QC_Night_2015289_aid0001,aid0001,2015-10-16,42439,19387834,3899149,37.0,,919342,1715730,160.0,,218,1672,8.0,
QC_Night_2015297_aid0001,aid0001,2015-10-24,266600,19387834,2675771,14.0,,1102751,2795970,73.0,,3902,29632,,
QC_Night_2015305_aid0001,aid0001,2015-11-01,174696,19387834,3878139,7.0,,1155032,1699702,13.0,,5058,5377,,
QC_Night_2015313_aid0001,aid0001,2015-11-09,119411,19387834,3966245,35.0,,1067889,1600909,64.0,1.0,501,2739,,
QC_Night_2015321_aid0001,aid0001,2015-11-17,28987,19387834,4844733,1.0,,520802,788838,63.0,,1105,1386,,
QC_Night_2015329_aid0001,aid0001,2015-11-25,461417,19387834,3618291,12.0,,812775,1949543,18.0,,8687,9662,,
QC_Night_2015337_aid0001,aid0001,2015-12-03,227513,19387834,4010366,26.0,,900922,1474279,24.0,,1475,19517,,
QC_Night_2015345_aid0001,aid0001,2015-12-11,991596,19387834,4194743,4.0,,849573,1280862,43.0,,7656,6350,,
QC_Night_2015353_aid0001,aid0001,2015-12-19,1584934,19387834,3798438,,,665897,1369215,2.0,,5621,15166,,
QC_Night_2015361_aid0001,aid0001,2015-12-27,1558754,19387834,4059425,5.0,,666513,849144,12.0,,9963,11397,,
QC_Night_2016001_aid0001,aid0001,2016-01-01,179272,19387834,3793635,4.0,,822089,1719096,7.0,,1305,14534,,
QC_Night_2016009_aid0001,aid0001,2016-01-09,686531,19387834,3007918,8.0,,691984,1954549,13.0,,897,21398,,
QC_Night_2016017_aid0001,aid0001,2016-01-17,1224233,19387834,2820852,7.0,,1134908,1920606,36.0,5.0,8391,54734,,
QC_Night_2016025_aid0001,aid0001,2016-01-25,1827395,19387834,2788997,5.0,,799075,2040350,19.0,3.0,12647,51108,,
QC_Night_2016033_aid0001,aid0001,2016-02-02,500251,19387834,4703872,3.0,,717623,913580,,,3958,2065,,
QC_Night_2016041_aid0001,aid0001,2016-02-10,187804,19387834,5044943,5.0,,656191,591241,9.0,,2196,1481,,
QC_Night_2016049_aid0001,aid0001,2016-02-18,202717,19387834,4195386,89.0,,681339,1262153,57.0,,885,11166,,
QC_Night_2016057_aid0001,aid0001,2016-02-26,67817,19387834,4049900,,,749442,1531793,20.0,,1508,25707,,
QC_Night_2016065_aid0001,aid0001,2016-03-05,1507335,19387834,3826987,7.0,1.0,1016828,1360399,11.0,,18726,23250,,
QC_Night_2016073_aid0001,aid0001,2016-03-13,1032303,19387834,3451594,135.0,,972936,1744522,42.0,,4951,10439,,
QC_Night_2016081_aid0001,aid0001,2016-03-21,222188,19387834,3372740,20.0,,772534,2067149,10.0,,655,23725,,
QC_Night_2016089_aid0001,aid0001,2016-03-29,41892,19387834,4367751,7.0,,661802,1276236,40.0,,937,1003,,
QC_Night_2016097_aid0001,aid0001,2016-04-06,272444,19387834,2919031,3.0,,927886,2484294,20.0,,1006,12939,,
QC_Night_2016105_aid0001,aid0001,2016-04-14,414354,19387834,2858462,3.0,,1029109,2504870,42.0,,4811,32500,,
QC_Night_2016113_aid0001,aid0001,2016-04-22,72737,19387834,3752588,42.0,,834529,1849165,14.0,,268,4261,,
QC_Night_2016121_aid0001,aid0001,2016-04-30,474504,19387834,3731542,93.0,,832362,1496141,16.0,,611,16309,,
QC_Night_2016129_aid0001,aid0001,2016-05-08,36922,19387834,5030795,74.0,,562573,614177,229.0,,284,864,,
QC_Night_2016137_aid0001,aid0001,2016-05-16,96247,19387834,3929560,170.0,,917148,1696742,476.0,,1336,9171,1.0,
QC_Night_2016145_aid0001,aid0001,2016-05-24,424636,19387834,3199455,296.0,,890326,2044632,915.0,,369,5926,,
QC_Night_2016153_aid0001,aid0001,2016-06-01,167387,19387834,3724854,59.0,3.0,921606,1815342,125.0,,805,6340,,
QC_Night_2016161_aid0001,aid0001,2016-06-09,102323,19387834,4200408,99.0,,1145420,1374071,415.0,,1867,6963,,
QC_Night_2016169_aid0001,aid0001,2016-06-17,111783,19387834,4917419,324.0,,915844,724016,558.0,,426,1544,,
QC_Night_2016177_aid0001,aid0001,2016-06-25,17960,19387834,5301561,124.0,,632436,340905,166.0,,671,586,,
QC_Night_2016185_aid0001,aid0001,2016-07-03,119463,19387834,4347905,104.0,,825147,1249932,133.0,,380,1450,,
QC_Night_2016193_aid0001,aid0001,2016-07-11,490942,19387834,4603666,113.0,,1025684,680430,490.0,,5785,6160,,
QC_Night_2016201_aid0001,aid0001,2016-07-19,60641,19387834,4705087,97.0,1.0,845088,906814,726.0,,682,4318,,
QC_Night_2016209_aid0001,aid0001,2016-07-27,32858,19387834,5430775,128.0,,654229,209612,1181.0,,556,500,,
QC_Night_2016217_aid0001,aid0001,2016-08-04,88332,19387834,5314416,38.0,,814296,330620,376.0,,2064,1163,,
QC_Night_2016225_aid0001,aid0001,2016-08-12,64001,19387834,4975791,71.0,,923728,649149,177.0,,1326,616,,
QC_Night_2016233_aid0001,aid0001,2016-08-20,34866,19387834,5320230,75.0,,781337,331346,567.0,,384,708,,
QC_Night_2016241_aid0001,aid0001,2016-08-28,34688,19387834,4793553,26.0,,912155,837903,119.0,,757,2044,,
QC_Night_2016249_aid0001,aid0001,2016-09-05,83879,19387834,4277070,89.0,,1040114,1334948,252.0,,625,1454,1.0,
QC_Night_2016257_aid0001,aid0001,2016-09-13,503565,19387834,4493246,30.0,,1131282,867744,100.0,,6231,10712,,
QC_Night_2016265_aid0001,aid0001,2016-09-21,73388,19387834,5085575,33.0,,803123,548706,122.0,,2003,3284,,
QC_Night_2016273_aid0001,aid0001,2016-09-29,90571,19387834,5306907,58.0,3.0,795164,335213,213.0,,3694,454,,
QC_Night_2016281_aid0001,aid0001,2016-10-07,27572,19387834,5171224,22.0,,537538,465401,106.0,,1115,397,,
QC_Night_2016289_aid0001,aid0001,2016-10-15,82237,19387834,4912721,84.0,,911891,705971,168.0,,580,1740,,
QC_Night_2016297_aid0001,aid0001,2016-10-23,97877,19387834,4875710,13.0,,610380,698413,177.0,,821,2120,,
QC_Night_2016305_aid0001,aid0001,2016-10-31,90995,19387834,4625198,96.0,,781545,1015148,216.0,,3107,622,1.0,
QC_Night_2016313_aid0001,aid0001,2016-11-08,92636,19387834,4530814,49.0,,718175,1102133,137.0,,375,2406,,
QC_Night_2016321_aid0001,aid0001,2016-11-16,90407,19387834,4246445,51.0,,880120,1388210,162.0,,1185,943,,
QC_Night_2016329_aid0001,aid0001,2016-11-24,234677,19387834,3610869,26.0,,917458,1997382,127.0,,4472,6663,,
QC_Night_2016337_aid0001,aid0001,2016-12-02,358167,19387834,3930772,13.0,,612473,1441723,41.0,1.0,2893,16078,,
QC_Night_2016345_aid0001,aid0001,2016-12-10,570597,19387834,4292259,81.0,,981094,1315757,84.0,2.0,15883,8782,,
QC_Night_2016353_aid0001,aid0001,2016-12-18,2049868,19387834,3100335,14.0,,785253,1311404,46.0,,2412,24551,,
QC_Night_2016361_aid0001,aid0001,2016-12-26,2433884,19387834,3370910,35.0,,707837,1037381,23.0,,3266,45766,,
QC_Night_2017001_aid0001,aid0001,2017-01-01,1567241,19387834,4050583,12.0,,954448,1146176,50.0,1.0,7079,13874,,
QC_Night_2017009_aid0001,aid0001,2017-01-09,2643865,19387834,3403841,3.0,,492090,836713,76.0,3.0,3094,6958,,
QC_Night_2017017_aid0001,aid0001,2017-01-17,1600547,19387834,3564049,28.0,1.0,460424,1247161,116.0,,397,15173,,
QC_Night_2017025_aid0001,aid0001,2017-01-25,555026,19387834,4445755,21.0,1.0,563622,1052759,127.0,,2219,9139,,
QC_Night_2017033_aid0001,aid0001,2017-02-02,1559715,19387834,3776242,26.0,,569790,1151742,95.0,,1259,41739,,
QC_Night_2017041_aid0001,aid0001,2017-02-10,991836,19387834,4284481,8.0,,771032,1095963,10.0,,6283,13886,,
QC_Night_2017049_aid0001,aid0001,2017-02-18,499863,19387834,4745904,,,631892,860971,2.0,,3590,1513,,
QC_Night_2017057_aid0001,aid0001,2017-02-26,332861,19387834,4599885,7.0,,1024362,1021549,7.0,,8520,1999,,
QC_Night_2017065_aid0001,aid0001,2017-03-06,1114335,19387834,3264744,12.0,,806585,1881396,5.0,,4017,21132,,
QC_Night_2017073_aid0001,aid0001,2017-03-14,706602,19387834,4608580,,,719663,980747,2.0,1.0,3415,5148,,
QC_Night_2017081_aid0001,aid0001,2017-03-22,876744,19387834,4584740,5.0,3.0,640282,987364,3.0,,4537,1829,,
QC_Night_2017089_aid0001,aid0001,2017-03-30,394470,19387834,3963517,8.0,,748874,1591755,7.0,,2068,2512,,
QC_Night_2017097_aid0001,aid0001,2017-04-07,668789,19387834,4020799,10.0,,686564,1470076,45.0,,6594,10549,,
QC_Night_2017105_aid0001,aid0001,2017-04-15,770073,19387834,2283638,8.0,,1064546,2706653,3.0,1.0,3975,37634,,
QC_Night_2017113_aid0001,aid0001,2017-04-23,386270,19387834,4009295,25.0,,871668,1482388,73.0,2.0,5331,7928,3.0,
QC_Night_2017121_aid0001,aid0001,2017-05-01,142704,19387834,4250496,42.0,,1056881,1316004,17.0,,2220,3598,,
QC_Night_2017129_aid0001,aid0001,2017-05-09,33498,19387834,4762805,88.0,,697949,870701,124.0,,1550,983,,
QC_Night_2017137_aid0001,aid0001,2017-05-17,38847,19387834,4666942,256.0,,864425,960522,703.0,,861,688,,
QC_Night_2017145_aid0001,aid0001,2017-05-25,108153,19387834,4884723,67.0,,768230,753298,147.0,,19179,1203,,
QC_Night_2017153_aid0001,aid0001,2017-06-02,89193,19387834,5420646,21.0,,727081,214456,47.0,,3757,407,,
QC_Night_2017161_aid0001,aid0001,2017-06-10,71281,19387834,4859999,46.0,,844955,780189,194.0,,845,848,,
QC_Night_2017169_aid0001,aid0001,2017-06-18,34927,19387834,5252345,110.0,,696918,386736,365.0,,2863,523,,
QC_Night_2017177_aid0001,aid0001,2017-06-26,64726,19387834,4804694,140.0,,1338033,833583,549.0,,3364,787,,
QC_Night_2017185_aid0001,aid0001,2017-07-04,298870,19387834,4498916,44.0,,1202478,991295,223.0,,7873,10455,,
QC_Night_2017193_aid0001,aid0001,2017-07-12,45848,19387834,5398277,180.0,,788674,239723,425.0,,142,733,,
QC_Night_2017201_aid0001,aid0001,2017-07-20,51605,19387834,5403983,96.0,,810040,236762,472.0,,4237,673,,
QC_Night_2017209_aid0001,aid0001,2017-07-28,28660,19387834,5463392,30.0,,698269,175030,117.0,,752,369,,
QC_Night_2017217_aid0001,aid0001,2017-08-05,42738,19387834,5556080,78.0,,540728,83387,835.0,,3863,628,1.0,
QC_Night_2017225_aid0001,aid0001,2017-08-13,27415,19387834,5295265,121.0,,531904,343636,621.0,,258,212,,
QC_Night_2017233_aid0001,aid0001,2017-08-21,38336,19387834,4763201,49.0,,608445,858196,350.0,,411,705,,
QC_Night_2017241_aid0001,aid0001,2017-08-29,58423,19387834,5300160,55.0,,794427,336816,144.0,,820,345,,
QC_Night_2017249_aid0001,aid0001,2017-09-06,56838,19387834,5284048,34.0,,843653,354888,446.0,,1561,905,,
QC_Night_2017257_aid0001,aid0001,2017-09-14,111280,19387834,5403344,216.0,,864844,237408,539.0,,1258,524,,
QC_Night_2017265_aid0001,aid0001,2017-09-22,58415,19387834,4634374,193.0,,766170,993817,408.0,,561,2733,,
QC_Night_2017273_aid0001,aid0001,2017-09-30,109720,19387834,4290762,21.0,,932391,1300394,241.0,,553,2981,,
QC_Night_2017281_aid0001,aid0001,2017-10-08,157118,19387834,3994658,33.0,,853776,1547017,144.0,,1617,8488,,
QC_Night_2017289_aid0001,aid0001,2017-10-16,139202,19387834,4753656,12.0,,884960,870394,59.0,,933,1178,,
QC_Night_2017297_aid0001,aid0001,2017-10-24,26009,19387834,5002470,6.0,,510063,645182,6.0,,1149,707,,
QC_Night_2017305_aid0001,aid0001,2017-11-01,37408,19387834,4279352,7.0,,889514,1360620,109.0,,972,2543,,
QC_Night_2017313_aid0001,aid0001,2017-11-09,825736,19387834,2726891,19.0,,1470732,2422589,88.0,,11770,32161,,
QC_Night_2017321_aid0001,aid0001,2017-11-17,520116,19387834,3870120,14.0,,1100600,1571031,,,6546,17647,,
QC_Night_2017329_aid0001,aid0001,2017-11-25,194336,19387834,3756782,1.0,,1140180,1795068,5.0,,1840,9628,,
QC_Night_2017337_aid0001,aid0001,2017-12-03,269870,19387834,3319265,,,1010180,2193361,10.0,,4444,22926,,
QC_Night_2017345_aid0001,aid0001,2017-12-11,254496,19387834,4412249,15.0,,756328,1205696,43.0,,3006,2434,1.0,
QC_Night_2017353_aid0001,aid0001,2017-12-19,389101,19387834,4344110,21.0,,637469,1237962,19.0,,1390,2341,,
QC_Night_2017361_aid0001,aid0001,2017-12-27,1861574,19387834,2709699,8.0,,862094,1382742,14.0,,9099,63110,,
QC_Night_2018001_aid0001,aid0001,2018-01-01,1026131,19387834,4594003,2.0,1.0,788870,896895,6.0,,4548,3432,3.0,
QC_Night_2018009_aid0001,aid0001,2018-01-09,1422019,19387834,2871687,4.0,,663597,1707426,39.0,4.0,4723,85276,,3.0
QC_Night_2018017_aid0001,aid0001,2018-01-17,1865242,19387834,3933512,,1.0,422647,1193290,12.0,2.0,8186,47569,,
QC_Night_2018025_aid0001,aid0001,2018-01-25,1769835,19387834,2839923,6.0,,936353,1644167,6.0,3.0,13643,98675,,
QC_Night_2018033_aid0001,aid0001,2018-02-02,488563,19387834,4191892,22.0,,920498,1304130,19.0,,1746,7920,,
QC_Night_2018041_aid0001,aid0001,2018-02-10,619380,19387834,3855063,3.0,1.0,615105,1512457,31.0,,3160,32328,,
QC_Night_2018049_aid0001,aid0001,2018-02-18,866530,19387834,3941852,113.0,,922639,1479060,136.0,,7312,20163,,
QC_Night_2018057_aid0001,aid0001,2018-02-26,1379670,19387834,3861106,50.0,,754393,1547537,33.0,,9964,29515,,
QC_Night_2018065_aid0001,aid0001,2018-03-06,280490,19387834,3953945,48.0,,812404,1650483,18.0,,2038,10628,1.0,
QC_Night_2018073_aid0001,aid0001,2018-03-14,291016,19387834,4727684,44.0,,713434,918439,26.0,,1538,559,,
QC_Night_2018081_aid0001,aid0001,2018-03-22,513236,19387834,3989982,308.0,,887726,1599388,250.0,,10302,10367,,
QC_Night_2018089_aid0001,aid0001,2018-03-30,209026,19387834,4147664,10.0,,785906,1447439,56.0,,1699,2824,,
QC_Night_2018097_aid0001,aid0001,2018-04-07,131300,19387834,3747660,34.0,,909574,1829546,186.0,,1181,1459,,
QC_Night_2018105_aid0001,aid0001,2018-04-15,234016,19387834,2430687,57.0,,933907,3018257,357.0,,1373,25789,2.0,
QC_Night_2018113_aid0001,aid0001,2018-04-23,62151,19387834,2908600,47.0,,753612,2699442,109.0,,1080,2328,,
QC_Night_2018121_aid0001,aid0001,2018-05-01,98540,19387834,4132730,430.0,,959973,1456458,149.0,,1007,4246,1.0,
QC_Night_2018129_aid0001,aid0001,2018-05-09,57477,19387834,5028604,39.0,,760085,606808,88.0,,1976,438,1.0,
QC_Night_2018137_aid0001,aid0001,2018-05-17,185209,19387834,4841543,55.0,,959572,797942,421.0,,1325,1527,2.0,
QC_Night_2018145_aid0001,aid0001,2018-05-25,22806,19387834,4553245,45.0,,690761,1079036,229.0,,301,533,2.0,
QC_Night_2018153_aid0001,aid0001,2018-06-02,66009,19387834,4459174,57.0,,743691,1150077,497.0,,658,1993,,
QC_Night_2018161_aid0001,aid0001,2018-06-10,43311,19387834,4791334,263.0,,1057078,848138,773.0,,5756,1510,,
QC_Night_2018169_aid0001,aid0001,2018-06-18,43128,19387834,5139643,102.0,,693511,513418,356.0,,1919,412,,
QC_Night_2018177_aid0001,aid0001,2018-06-26,61307,19387834,5064272,24.0,,964644,572109,147.0,,867,556,,
QC_Night_2018185_aid0001,aid0001,2018-07-04,49441,19387834,5388664,13.0,,626801,245383,105.0,,853,831,,
QC_Night_2018193_aid0001,aid0001,2018-07-12,19308,19387834,5486755,25.0,,599652,147246,71.0,,826,379,,
QC_Night_2018201_aid0001,aid0001,2018-07-20,32151,19387834,5225746,87.0,,647402,407397,187.0,,632,620,,
QC_Night_2018209_aid0001,aid0001,2018-07-28,69743,19387834,5163313,31.0,,968603,477931,140.0,,2423,945,,
QC_Night_2018217_aid0001,aid0001,2018-08-05,21376,19387834,5408831,7.0,,623313,226262,61.0,,725,339,,
QC_Night_2018225_aid0001,aid0001,2018-08-13,39717,19387834,5501535,37.0,,577521,134120,250.0,,1149,406,,
QC_Night_2018233_aid0001,aid0001,2018-08-21,21069,19387834,5428310,18.0,,573237,205853,100.0,,598,246,,
QC_Night_2018241_aid0001,aid0001,2018-08-29,31574,19387834,4721502,15.0,,799683,918627,43.0,,523,299,,
QC_Night_2018249_aid0001,aid0001,2018-09-06,36802,19387834,5221009,1.0,,627599,411890,39.0,,973,330,1.0,
QC_Night_2018257_aid0001,aid0001,2018-09-14,50757,19387834,4617727,1.0,,874904,1014662,9.0,,1203,790,,
QC_Night_2018265_aid0001,aid0001,2018-09-22,63342,19387834,4276608,2.0,,1143205,1331249,44.0,,250,2996,,
QC_Night_2018273_aid0001,aid0001,2018-09-30,72440,19387834,3200490,2.0,,896086,2386417,32.0,,127,3102,,
QC_Night_2018281_aid0001,aid0001,2018-10-08,254702,19387834,3479639,3.0,,984860,1933394,24.0,,1429,15684,,
QC_Night_2018289_aid0001,aid0001,2018-10-16,133350,19387834,4966446,,,922489,657949,3.0,,5165,1233,,
QC_Night_2018297_aid0001,aid0001,2018-10-24,197000,19387834,3472349,84.0,,736333,2021517,95.0,,1256,19970,1.0,
QC_Night_2018305_aid0001,aid0001,2018-11-01,63718,19387834,4359536,10.0,,705201,1266033,34.0,,2671,1982,,
QC_Night_2018313_aid0001,aid0001,2018-11-09,71481,19387834,4119348,43.0,,967393,1512318,72.0,,1398,1323,,
QC_Night_2018321_aid0001,aid0001,2018-11-17,149535,19387834,4211426,35.0,,1027754,1407487,87.0,,2169,2779,,
QC_Night_2018329_aid0001,aid0001,2018-11-25,139279,19387834,3971215,18.0,,849344,1617209,58.0,,4944,10179,,
QC_Night_2018337_aid0001,aid0001,2018-12-03,345849,19387834,4255237,56.0,,906273,1276894,176.0,,1975,19064,,
QC_Night_2018345_aid0001,aid0001,2018-12-11,875785,19387834,4595152,8.0,,1045055,888563,28.0,,12638,18607,,
QC_Night_2018353_aid0001,aid0001,2018-12-19,436886,19387834,4537853,,,644369,1085763,5.0,,16452,3503,3.0,
QC_Night_2018361_aid0001,aid0001,2018-12-27,1217988,19387834,4397536,9.0,,614338,885519,35.0,,8743,61054,,
QC_Night_2019001_aid0001,aid0001,2019-01-01,145529,19387834,4228685,10.0,,790774,1350010,40.0,,4525,12443,,
QC_Night_2019009_aid0001,aid0001,2019-01-09,300202,19387834,4930973,9.0,,642204,710504,9.0,,7807,1142,,
QC_Night_2019017_aid0001,aid0001,2019-01-17,857898,19387834,4161428,5.0,,528342,1238791,55.0,,4176,24005,,
QC_Night_2019025_aid0001,aid0001,2019-01-25,1697807,19387834,4054010,52.0,,572634,1203988,104.0,,15923,48025,,
QC_Night_2019033_aid0001,aid0001,2019-02-02,768167,19387834,4411246,1.0,,838004,1130934,14.0,,10475,16441,,
QC_Night_2019041_aid0001,aid0001,2019-02-10,118988,19387834,4482664,3.0,,864086,1146034,7.0,,2367,1934,,
QC_Night_2019049_aid0001,aid0001,2019-02-18,104343,19387834,4909987,4.0,,791045,724353,21.0,,1625,904,,
QC_Night_2019057_aid0001,aid0001,2019-02-26,235462,19387834,4462638,2.0,,1071230,1154021,11.0,,2635,4957,,
QC_Night_2019065_aid0001,aid0001,2019-03-06,419270,19387834,3936682,24.0,2.0,936557,1522482,29.0,,4617,19768,,
QC_Night_2019073_aid0001,aid0001,2019-03-14,1060699,19387834,3422954,10.0,,1097536,1896198,15.0,,6187,32768,,
QC_Night_2019081_aid0001,aid0001,2019-03-22,476679,19387834,4143514,1.0,1.0,793961,1363755,5.0,,3206,18253,,
QC_Night_2019089_aid0001,aid0001,2019-03-30,551491,19387834,4057657,4.0,,860483,1518009,8.0,,3128,3702,,
QC_Night_2019097_aid0001,aid0001,2019-04-07,271621,19387834,2852825,1.0,,944091,2565940,10.0,,2071,42155,,
QC_Night_2019105_aid0001,aid0001,2019-04-15,382138,19387834,3185548,,,1017001,2136272,3.0,,1240,18058,,
QC_Night_2019113_aid0001,aid0001,2019-04-23,361540,19387834,3803646,10.0,,1008324,1600196,41.0,,4601,24856,,
QC_Night_2019121_aid0001,aid0001,2019-05-01,48078,19387834,5059062,27.0,,561672,587552,53.0,,1298,743,2.0,
QC_Night_2019129_aid0001,aid0001,2019-05-09,41153,19387834,4817321,62.0,,848151,817479,124.0,,1014,739,,
QC_Night_2019137_aid0001,aid0001,2019-05-17,240203,19387834,3206252,7.0,,1071601,2268765,36.0,,1466,5487,,
QC_Night_2019145_aid0001,aid0001,2019-05-25,175178,19387834,4391926,143.0,,1037024,1227249,342.0,,560,2279,,
QC_Night_2019153_aid0001,aid0001,2019-06-02,105408,19387834,4979406,106.0,,877642,659587,469.0,,802,1042,3.0,
QC_Night_2019161_aid0001,aid0001,2019-06-10,45828,19387834,4456218,143.0,,918243,1149607,402.0,,822,2298,,
QC_Night_2019169_aid0001,aid0001,2019-06-18,43138,19387834,5050920,42.0,,618766,585393,109.0,,2764,1172,1.0,
QC_Night_2019177_aid0001,aid0001,2019-06-26,16628,19387834,5046807,35.0,,694954,586254,97.0,,220,515,,
QC_Night_2019185_aid0001,aid0001,2019-07-04,19922,19387834,5021816,51.0,,764767,607716,163.0,,619,585,,
QC_Night_2019193_aid0001,aid0001,2019-07-12,78810,19387834,5377150,71.0,,678525,258568,464.0,,705,517,10.0,
QC_Night_2019201_aid0001,aid0001,2019-07-20,11640,19387834,5123937,65.0,,621643,515049,148.0,,191,539,,
QC_Night_2019209_aid0001,aid0001,2019-07-28,59133,19387834,5106988,77.0,,910884,530577,800.0,,385,758,,
QC_Night_2019217_aid0001,aid0001,2019-08-05,75229,19387834,5078400,219.0,,953996,560015,791.0,,7608,1166,,
QC_Night_2019225_aid0001,aid0001,2019-08-13,22106,19387834,5360898,127.0,,652064,276968,442.0,,1238,388,,
QC_Night_2019233_aid0001,aid0001,2019-08-21,42174,19387834,5304741,71.0,,537021,328334,512.0,,382,338,,
QC_Night_2019241_aid0001,aid0001,2019-08-29,14510,19387834,5281151,30.0,,398412,351423,160.0,,408,840,,
QC_Night_2019249_aid0001,aid0001,2019-09-06,39091,19387834,5292190,37.0,,430318,341979,112.0,,603,171,,
QC_Night_2019257_aid0001,aid0001,2019-09-14,36201,19387834,5197180,18.0,,704160,439574,42.0,,2043,646,,
QC_Night_2019265_aid0001,aid0001,2019-09-22,110186,19387834,4061509,25.0,,1087555,1538222,337.0,,1272,3857,,
QC_Night_2019273_aid0001,aid0001,2019-09-30,85560,19387834,4651329,33.0,,701449,976287,256.0,,853,1705,,
QC_Night_2019281_aid0001,aid0001,2019-10-08,24924,19387834,4487379,129.0,,729291,1142101,574.0,,313,766,,
QC_Night_2019289_aid0001,aid0001,2019-10-16,35570,19387834,4160930,28.0,,749107,1464707,247.0,,297,3699,,
QC_Night_2019297_aid0001,aid0001,2019-10-24,118107,19387834,4201078,28.0,,1242384,1407075,237.0,,798,4244,,
QC_Night_2019305_aid0001,aid0001,2019-11-01,112396,19387834,5093850,7.0,,759202,550530,45.0,,2802,726,,
QC_Night_2019313_aid0001,aid0001,2019-11-09,82162,19387834,5031939,23.0,,818808,599625,201.0,,770,788,,
QC_Night_2019321_aid0001,aid0001,2019-11-17,44633,19387834,4545693,9.0,,783145,1096695,82.0,,419,824,,
QC_Night_2019329_aid0001,aid0001,2019-11-25,140980,19387834,3933304,71.0,,881131,1630817,91.0,,2055,4258,1.0,
QC_Night_2019337_aid0001,aid0001,2019-12-03,44181,19387834,4693285,101.0,,588409,943114,44.0,,1367,1859,,
QC_Night_2019345_aid0001,aid0001,2019-12-11,260090,19387834,4110837,36.0,,918673,1443525,169.0,,8222,15684,,
QC_Night_2019353_aid0001,aid0001,2019-12-19,172808,19387834,4201117,46.0,,636879,1279331,56.0,,1700,18158,,
QC_Night_2019361_aid0001,aid0001,2019-12-27,558170,19387834,4221827,65.0,,671306,1170031,55.0,,19689,64877,3.0,
QC_Night_2020001_aid0001,aid0001,2020-01-01,1401341,19387834,3737261,8.0,,656781,1096287,33.0,,6563,53892,,
QC_Night_2020009_aid0001,aid0001,2020-01-09,654767,19387834,3546689,4.0,,760730,1763545,5.0,,15511,43451,,
QC_Night_2020017_aid0001,aid0001,2020-01-17,341720,19387834,3896658,6.0,,888711,1548832,8.0,,4643,28704,,
QC_Night_2020025_aid0001,aid0001,2020-01-25,1393495,19387834,4441205,32.0,,580384,842960,28.0,,16846,34720,,
QC_Night_2020033_aid0001,aid0001,2020-02-02,1078859,19387834,4034355,14.0,,818366,1387701,25.0,,6252,14555,,
QC_Night_2020041_aid0001,aid0001,2020-02-10,192399,19387834,4722271,35.0,,934503,872006,25.0,,6439,11501,,
QC_Night_2020049_aid0001,aid0001,2020-02-18,1078928,19387834,3718785,19.0,,1006344,1601401,15.0,,7715,41969,,
QC_Night_2020057_aid0001,aid0001,2020-02-26,751384,19387834,4052081,6.0,,955537,1424716,31.0,,11733,7309,,
QC_Night_2020065_aid0001,aid0001,2020-03-05,789496,19387834,3934159,6.0,,887920,1598740,4.0,,3231,4325,,
QC_Night_2020073_aid0001,aid0001,2020-03-13,262666,19387834,3736897,7.0,,704153,1719510,10.0,,678,10842,,
QC_Night_2020081_aid0001,aid0001,2020-03-21,388686,19387834,3893270,,,987610,1637454,22.0,,2456,9304,,
QC_Night_2020089_aid0001,aid0001,2020-03-29,222699,19387834,3772601,7.0,,708272,1764741,7.0,,2106,4746,,
QC_Night_2020097_aid0001,aid0001,2020-04-06,192348,19387834,3183982,8.0,,962758,2365609,6.0,,2017,21547,,
QC_Night_2020105_aid0001,aid0001,2020-04-14,183553,19387834,3298968,76.0,,632200,2194024,246.0,,1141,22534,,
QC_Night_2020113_aid0001,aid0001,2020-04-22,86050,19387834,3413899,33.0,,732853,2172197,173.0,,668,5217,1.0,
QC_Night_2020121_aid0001,aid0001,2020-04-30,80647,19387834,5034771,39.0,,694178,601516,272.0,,1644,1180,,
QC_Night_2020129_aid0001,aid0001,2020-05-08,59455,19387834,4548621,89.0,,915883,1080436,208.0,,4142,1312,,
QC_Night_2020137_aid0001,aid0001,2020-05-16,254973,19387834,4538637,16.0,,903891,1090442,18.0,,3035,1269,,
QC_Night_2020145_aid0001,aid0001,2020-05-24,150298,19387834,4456754,2.0,,762068,1046239,11.0,,1564,21697,,
QC_Night_2020153_aid0001,aid0001,2020-06-01,29079,19387834,5101958,23.0,,586716,539952,124.0,,1083,360,,
QC_Night_2020161_aid0001,aid0001,2020-06-09,27580,19387834,4664636,87.0,,1087452,965727,339.0,,830,955,,
QC_Night_2020169_aid0001,aid0001,2020-06-17,23536,19387834,5213448,36.0,,582786,420758,157.0,,545,324,,
QC_Night_2020177_aid0001,aid0001,2020-06-25,35006,19387834,5155367,107.0,,683815,478661,330.0,,509,508,,
QC_Night_2020185_aid0001,aid0001,2020-07-03,49387,19387834,5152420,151.0,,708379,492945,1154.0,,590,396,,
QC_Night_2020193_aid0001,aid0001,2020-07-11,39107,19387834,5474582,55.0,,448635,162407,318.0,,906,779,,
QC_Night_2020201_aid0001,aid0001,2020-07-19,24355,19387834,5218354,59.0,,650123,425360,357.0,,612,365,,
QC_Night_2020209_aid0001,aid0001,2020-07-27,50987,19387834,5359378,190.0,,449219,275407,743.0,,1890,171,,
QC_Night_2020217_aid0001,aid0001,2020-08-04,34628,19387834,4851225,25.0,,854356,789014,154.0,,4048,437,,
