File,aid,Date,2,3,17,33,65,81,97,113,129,145,161,177
QC_Day_2009361_aid0001,aid0001,2009-12-27,1929764,19387834,321078,2.0,772044,4510869,391,,130977,197606,,
QC_Day_2010001_aid0001,aid0001,2010-01-01,2092980,19387834,330963,11.0,770291,4289292,213,,34966,360080,,
QC_Day_2010009_aid0001,aid0001,2010-01-09,597904,19387834,510241,2.0,1154654,4791019,280,,41424,258306,21.0,
QC_Day_2010017_aid0001,aid0001,2010-01-17,560210,19387834,491843,,697333,5116716,120,,35598,31831,,
QC_Day_2010025_aid0001,aid0001,2010-01-25,1293739,19387834,781164,1.0,823756,4359920,71,,80398,254969,,
QC_Day_2010033_aid0001,aid0001,2010-02-02,342561,19387834,776760,,1622940,4704060,87,,26664,63766,1.0,
QC_Day_2010041_aid0001,aid0001,2010-02-10,651943,19387834,691300,,1613582,4605283,104,,109280,213564,,
QC_Day_2010049_aid0001,aid0001,2010-02-18,898155,19387834,797930,2.0,1256288,4546256,106,,50925,146513,,
QC_Day_2010057_aid0001,aid0001,2010-02-26,851358,19387834,883380,1.0,1261398,4404151,90,,52901,106634,,
QC_Day_2010065_aid0001,aid0001,2010-03-06,95336,19387834,1709635,2.0,1422268,3914575,65,,11498,12857,,
QC_Day_2010073_aid0001,aid0001,2010-03-14,148397,19387834,1672052,20.0,1743974,3810456,157,,19115,140201,,
QC_Day_2010081_aid0001,aid0001,2010-03-22,476850,19387834,1269111,12.0,1389818,4324374,214,,39597,32109,,
QC_Day_2010089_aid0001,aid0001,2010-03-30,1167039,19387834,1490879,41.0,1530801,3775505,415,,23552,93432,,
QC_Day_2010097_aid0001,aid0001,2010-04-07,467186,19387834,2430490,8.0,1547799,3066542,759,,31757,55499,,
QC_Day_2010105_aid0001,aid0001,2010-04-15,223187,19387834,1951461,273.0,1972919,3644290,354,,11109,23761,,
QC_Day_2010113_aid0001,aid0001,2010-04-23,218254,19387834,3659477,198.0,1556883,1976354,2169,,6014,3188,,
QC_Day_2010121_aid0001,aid0001,2010-05-01,76300,19387834,3754239,159.0,965654,1888682,1161,,12779,2028,1.0,
QC_Day_2010129_aid0001,aid0001,2010-05-09,87163,19387834,4158427,365.0,1336041,1481104,981,,11086,2995,,
QC_Day_2010137_aid0001,aid0001,2010-05-17,500003,19387834,3240818,620.0,1820088,2198763,1658,1.0,14446,14315,1.0,
QC_Day_2010145_aid0001,aid0001,2010-05-25,425269,19387834,3838929,3415.0,1429273,1685008,5714,13.0,1716,3234,,1.0
QC_Day_2010153_aid0001,aid0001,2010-06-02,58563,19387834,3735145,1752.0,1178836,1913572,3953,,708,3441,2.0,
QC_Day_2010161_aid0001,aid0001,2010-06-10,84735,19387834,4182028,3055.0,1079325,1478245,5595,2.0,431,1858,1.0,
QC_Day_2010169_aid0001,aid0001,2010-06-18,159380,19387834,4059590,2503.0,1184351,1563854,6016,1.0,1011,2078,,
QC_Day_2010177_aid0001,aid0001,2010-06-26,108759,19387834,3859223,1850.0,1350076,1826143,5132,15.0,10222,1852,1.0,4.0
QC_Day_2010185_aid0001,aid0001,2010-07-04,256823,19387834,3488069,974.0,1540068,2047908,3351,6.0,6032,5459,,
QC_Day_2010193_aid0001,aid0001,2010-07-12,92797,19387834,4203752,1379.0,1266544,1432127,5197,41.0,922,1760,1.0,
QC_Day_2010201_aid0001,aid0001,2010-07-20,182614,19387834,4138642,905.0,1365030,1501319,6073,1.0,15478,3631,7.0,2.0
QC_Day_2010209_aid0001,aid0001,2010-07-28,119527,19387834,4310415,699.0,1173396,1338718,5146,4.0,4408,7666,20.0,
QC_Day_2010217_aid0001,aid0001,2010-08-05,101952,19387834,4904912,837.0,938275,762485,2991,9.0,1899,2253,,
QC_Day_2010225_aid0001,aid0001,2010-08-13,88507,19387834,4231090,577.0,994910,1403643,4341,3.0,2805,2523,,5.0
QC_Day_2010233_aid0001,aid0001,2010-08-21,149025,19387834,3887668,1133.0,1273315,1714218,7143,24.0,2704,10931,4.0,6.0
QC_Day_2010241_aid0001,aid0001,2010-08-29,159122,19387834,3853522,292.0,1483731,1777512,6193,3.0,6914,3302,5.0,
QC_Day_2010249_aid0001,aid0001,2010-09-06,78460,19387834,3135363,126.0,1609973,2484817,3571,,1451,16381,,
QC_Day_2010257_aid0001,aid0001,2010-09-14,173978,19387834,4057082,419.0,1084793,1553573,3950,,2475,1937,,
QC_Day_2010265_aid0001,aid0001,2010-09-22,174433,19387834,2571775,1057.0,1693434,3052869,7287,,17926,12636,,
QC_Day_2010273_aid0001,aid0001,2010-09-30,62676,19387834,1889487,120.0,1370916,3747790,2164,,22659,9092,11.0,
QC_Day_2010281_aid0001,aid0001,2010-10-08,1031937,19387834,1766396,41.0,1593316,3592745,1586,,59987,57282,,
QC_Day_2010289_aid0001,aid0001,2010-10-16,164361,19387834,1855348,335.0,1158689,3787679,2904,,28047,3053,,
QC_Day_2010297_aid0001,aid0001,2010-10-24,80746,19387834,1805812,13.0,1722573,3800667,986,,20093,34396,,
QC_Day_2010305_aid0001,aid0001,2010-11-01,110067,19387834,826947,9.0,1482994,4804276,510,,4190,6357,,
QC_Day_2010313_aid0001,aid0001,2010-11-09,503224,19387834,601513,9.0,1865889,4713284,454,,54849,187545,4.0,
QC_Day_2010321_aid0001,aid0001,2010-11-17,433582,19387834,432444,1.0,1632620,5096246,163,,37630,67397,,
QC_Day_2010329_aid0001,aid0001,2010-11-25,836735,19387834,582259,2.0,1586596,4794670,131,,47467,111684,,
QC_Day_2010337_aid0001,aid0001,2010-12-03,362241,19387834,941014,1.0,2024384,4333575,116,,65692,227498,,
QC_Day_2010345_aid0001,aid0001,2010-12-11,532123,19387834,890289,2.0,1579414,4556887,136,,52395,151949,1.0,
QC_Day_2010353_aid0001,aid0001,2010-12-19,1318936,19387834,953877,5.0,613568,4542964,218,,41124,26621,2.0,
QC_Day_2010361_aid0001,aid0001,2010-12-27,1308067,19387834,630397,6.0,729968,4654930,204,,92150,205025,8.0,
QC_Day_2011001_aid0001,aid0001,2011-01-01,908744,19387834,842821,6.0,1540038,3844533,149,,36810,654047,4.0,
QC_Day_2011009_aid0001,aid0001,2011-01-09,2030565,19387834,824696,,974052,3588298,41,,49318,501995,,
QC_Day_2011017_aid0001,aid0001,2011-01-17,752185,19387834,800815,4.0,1287021,4663901,85,,22378,119779,,
QC_Day_2011025_aid0001,aid0001,2011-01-25,139387,19387834,1438861,1.0,1354835,4076390,154,,31073,114450,,
QC_Day_2011033_aid0001,aid0001,2011-02-02,1295815,19387834,1170056,1.0,1629653,3283151,105,,83702,622919,,
QC_Day_2011041_aid0001,aid0001,2011-02-10,1094015,19387834,575068,,1883008,3956024,65,,50359,638752,,
QC_Day_2011049_aid0001,aid0001,2011-02-18,1735609,19387834,1106417,,1295119,3378563,79,,43059,386486,,
QC_Day_2011057_aid0001,aid0001,2011-02-26,2543989,19387834,1332630,6.0,802223,2907305,115,,25298,238718,,
QC_Day_2011065_aid0001,aid0001,2011-03-06,2544132,19387834,1284263,4.0,934680,3141290,139,15.0,20148,138873,5.0,
QC_Day_2011073_aid0001,aid0001,2011-03-14,1750004,19387834,1008382,4.0,1605266,3544562,127,1.0,62482,277487,2.0,
QC_Day_2011081_aid0001,aid0001,2011-03-22,596293,19387834,2997929,1.0,1208679,2603254,39,,20822,10114,,
QC_Day_2011089_aid0001,aid0001,2011-03-30,1597077,19387834,2376688,2.0,1021816,2805381,148,,25395,54751,5.0,
QC_Day_2011097_aid0001,aid0001,2011-04-07,393818,19387834,3384191,47.0,1401825,2228789,266,,31590,12842,,
QC_Day_2011105_aid0001,aid0001,2011-04-15,120119,19387834,3453871,111.0,1434797,2177512,567,,7389,2172,,
QC_Day_2011113_aid0001,aid0001,2011-04-23,45559,19387834,3626195,9.0,1313039,1994058,104,,1686,8862,,
QC_Day_2011121_aid0001,aid0001,2011-05-01,186289,19387834,3637721,411.0,1451163,1971435,1437,,8125,4131,5.0,
QC_Day_2011129_aid0001,aid0001,2011-05-09,151303,19387834,4506357,437.0,890294,1109288,4097,,2115,2385,26.0,
QC_Day_2011137_aid0001,aid0001,2011-05-17,101505,19387834,3979476,1013.0,1410583,1646116,4219,2.0,1374,2127,,
QC_Day_2011145_aid0001,aid0001,2011-05-25,104581,19387834,4742673,2388.0,901048,875860,4172,,373,2338,,
QC_Day_2011153_aid0001,aid0001,2011-06-02,130709,19387834,4089217,711.0,1098815,1506158,2434,9.0,127,2923,1.0,
QC_Day_2011161_aid0001,aid0001,2011-06-10,112637,19387834,4574913,1417.0,927322,1073334,2907,,813,2768,2.0,
QC_Day_2011169_aid0001,aid0001,2011-06-18,115502,19387834,4883680,7.0,841933,743645,517,,183,1576,,
QC_Day_2011177_aid0001,aid0001,2011-06-26,93201,19387834,3980193,6.0,1377024,1656136,140,,328,2134,,
QC_Day_2011185_aid0001,aid0001,2011-07-04,267757,19387834,3948336,268.0,1074390,1640237,3810,1.0,616,3282,,
QC_Day_2011193_aid0001,aid0001,2011-07-12,222966,19387834,3269805,130.0,1022332,2250986,606,1.0,578,2536,,
QC_Day_2011201_aid0001,aid0001,2011-07-20,84879,19387834,4829782,113.0,1015006,802746,1377,,414,2471,,
QC_Day_2011209_aid0001,aid0001,2011-07-28,60738,19387834,4664888,67.0,877937,961947,550,,251,1525,,4.0
QC_Day_2011217_aid0001,aid0001,2011-08-05,114293,19387834,4327490,28.0,1178728,1259301,251,,372,3836,1.0,
QC_Day_2011225_aid0001,aid0001,2011-08-13,74376,19387834,4395712,703.0,1031919,1242078,717,1.0,372,2608,,
QC_Day_2011233_aid0001,aid0001,2011-08-21,59503,19387834,4012542,130.0,872661,1618177,181,,695,2878,,
QC_Day_2011241_aid0001,aid0001,2011-08-29,90571,19387834,3077249,31.0,1135586,2557548,907,,1390,2733,,
QC_Day_2011249_aid0001,aid0001,2011-09-06,80631,19387834,4087075,220.0,828488,1546596,1472,,3924,1943,13.0,
QC_Day_2011257_aid0001,aid0001,2011-09-14,54160,19387834,1855636,15.0,599074,3781869,446,,4864,1983,,
QC_Day_2011265_aid0001,aid0001,2011-09-22,54822,19387834,2693130,43.0,716440,2943752,847,,221,1919,3.0,
QC_Day_2011273_aid0001,aid0001,2011-09-30,168054,19387834,1881978,135.0,1147468,3721136,1487,,1961,8024,,
QC_Day_2011281_aid0001,aid0001,2011-10-08,44583,19387834,1435548,1.0,1393387,4185758,777,,5111,21697,,
QC_Day_2011289_aid0001,aid0001,2011-10-16,163021,19387834,1240987,60.0,1408702,4330970,431,,9801,44519,,
QC_Day_2011297_aid0001,aid0001,2011-10-24,254775,19387834,1441690,,1823251,3926386,193,,24369,140804,,
QC_Day_2011305_aid0001,aid0001,2011-11-01,95078,19387834,738522,13.0,1796427,4800853,384,,62713,88500,25.0,
QC_Day_2011313_aid0001,aid0001,2011-11-09,306673,19387834,543076,17.0,1423741,4608960,355,,76889,347484,,
QC_Day_2011321_aid0001,aid0001,2011-11-17,613254,19387834,784707,93.0,1585203,4557398,510,,68693,184364,,
QC_Day_2011329_aid0001,aid0001,2011-11-25,87482,19387834,520716,,1607107,5105974,20,,24945,10547,,
QC_Day_2011337_aid0001,aid0001,2011-12-03,441446,19387834,1029416,4.0,1468810,4258914,92,,29010,277230,,
QC_Day_2011345_aid0001,aid0001,2011-12-11,515985,19387834,923763,1.0,1653915,4506268,90,,36665,162926,,
QC_Day_2011353_aid0001,aid0001,2011-12-19,774653,19387834,493058,,1418732,5060095,57,,26393,35236,,
QC_Day_2011361_aid0001,aid0001,2011-12-27,573690,19387834,711492,,1413037,4707720,36,,44727,166697,,
QC_Day_2012001_aid0001,aid0001,2012-01-01,339057,19387834,886091,149.0,1616586,4414452,13389,,36478,277367,927.0,
QC_Day_2012009_aid0001,aid0001,2012-01-09,453499,19387834,1138718,15.0,1431685,4061289,16185,,32664,188820,15.0,
QC_Day_2012017_aid0001,aid0001,2012-01-17,879461,19387834,721336,118.0,1552264,4313378,9672,,48932,507756,405.0,
QC_Day_2012025_aid0001,aid0001,2012-01-25,2231314,19387834,717662,4.0,759219,4141127,1123,,45479,261686,37.0,
QC_Day_2012033_aid0001,aid0001,2012-02-02,174011,19387834,823510,23.0,1358709,4700320,132917,,17050,6375,,
QC_Day_2012041_aid0001,aid0001,2012-02-10,96721,19387834,447101,51.0,1658501,5101017,95826,,11004,23825,223.0,
QC_Day_2012049_aid0001,aid0001,2012-02-18,812807,19387834,734176,632.0,1460664,4334119,25107,,44624,343174,4255.0,
QC_Day_2012057_aid0001,aid0001,2012-02-26,2525505,19387834,828161,,1342194,3458848,36,,34334,208432,4.0,
QC_Day_2012065_aid0001,aid0001,2012-03-05,807454,19387834,1622065,14.0,1070725,3880822,6312,,38580,53136,117.0,
QC_Day_2012073_aid0001,aid0001,2012-03-13,2797607,19387834,1111452,1.0,783576,3139988,7,,9949,212338,3.0,
QC_Day_2012081_aid0001,aid0001,2012-03-21,252506,19387834,2805550,,1396550,2796783,21,,13192,19325,,
QC_Day_2012089_aid0001,aid0001,2012-03-29,36695,19387834,2381901,,937867,3208802,36,,1369,36007,8.0,
QC_Day_2012097_aid0001,aid0001,2012-04-06,28268,19387834,2928184,1.0,1196636,2707312,22,,526,4777,,
QC_Day_2012105_aid0001,aid0001,2012-04-14,191431,19387834,1958847,,1503729,3665803,4,,4208,8732,,
QC_Day_2012113_aid0001,aid0001,2012-04-22,250626,19387834,4140054,2.0,1110665,1461512,460,,12491,3797,,
QC_Day_2012121_aid0001,aid0001,2012-04-30,146931,19387834,3799595,2.0,1017496,1831336,125,,3660,1489,,
QC_Day_2012129_aid0001,aid0001,2012-05-08,143829,19387834,4444621,6.0,959928,1187289,574,,3573,1416,1.0,
QC_Day_2012137_aid0001,aid0001,2012-05-16,89058,19387834,4541607,64.0,1235101,1091502,227,,2746,1502,,
QC_Day_2012145_aid0001,aid0001,2012-05-24,236384,19387834,4836664,27.0,983566,802245,420,1.0,4771,2409,1.0,
QC_Day_2012153_aid0001,aid0001,2012-06-01,107007,19387834,4122482,103.0,1129448,1505356,737,,478,2540,,
QC_Day_2012161_aid0001,aid0001,2012-06-09,76216,19387834,4178544,33.0,1148399,1449448,287,,478,2857,,
QC_Day_2012169_aid0001,aid0001,2012-06-17,76573,19387834,4969496,127.0,883203,668099,1685,1.0,877,1585,2.0,
QC_Day_2012177_aid0001,aid0001,2012-06-25,90616,19387834,4407399,68.0,1302291,1225837,521,2.0,151,2437,3.0,
QC_Day_2012185_aid0001,aid0001,2012-07-03,112190,19387834,4841719,32.0,918676,801076,408,,328,3020,2.0,
QC_Day_2012193_aid0001,aid0001,2012-07-11,234698,19387834,4517583,19.0,1242822,1114351,1365,,3267,2083,,
QC_Day_2012201_aid0001,aid0001,2012-07-19,77072,19387834,4851727,26.0,1103862,771985,478,,299,2655,15.0,
QC_Day_2012209_aid0001,aid0001,2012-07-27,55065,19387834,4884711,8.0,1017794,743278,581,3.0,201,2675,,2.0
QC_Day_2012217_aid0001,aid0001,2012-08-04,71005,19387834,4245153,33.0,811469,1386598,966,,156,1283,2.0,
QC_Day_2012225_aid0001,aid0001,2012-08-12,71233,19387834,4202930,6.0,843735,1425864,427,,308,1641,,
QC_Day_2012233_aid0001,aid0001,2012-08-20,101086,19387834,3370023,8.0,1075687,2261886,676,1.0,1026,1911,,
QC_Day_2012241_aid0001,aid0001,2012-08-28,48561,19387834,3046472,7.0,639899,2586976,308,,775,1499,,
QC_Day_2012249_aid0001,aid0001,2012-09-05,66272,19387834,2919247,1078.0,602769,2716934,3275,,3229,2046,,
QC_Day_2012257_aid0001,aid0001,2012-09-13,65511,19387834,2164242,26.0,798264,3471035,878,,1242,1828,,
QC_Day_2012265_aid0001,aid0001,2012-09-21,32633,19387834,1868039,16.0,553216,3756969,499,,104,11996,,
QC_Day_2012273_aid0001,aid0001,2012-09-29,53932,19387834,1439620,,775158,4196291,368,,1854,2618,,
QC_Day_2012281_aid0001,aid0001,2012-10-07,39405,19387834,1260428,136.0,758569,4383006,2508,,2444,1337,,
QC_Day_2012289_aid0001,aid0001,2012-10-15,70270,19387834,561979,308.0,681333,5056479,1940,,1654,18505,,
QC_Day_2012297_aid0001,aid0001,2012-10-23,32523,19387834,654654,2.0,953068,4971158,324,,9769,20875,,
QC_Day_2012305_aid0001,aid0001,2012-10-31,178064,19387834,571604,9.0,1595102,5008467,417,,13403,40208,,
QC_Day_2012313_aid0001,aid0001,2012-11-08,95118,19387834,496138,,1031396,5133803,178,,39145,18900,,
QC_Day_2012321_aid0001,aid0001,2012-11-16,88770,19387834,429259,,1384527,5104583,79,,55698,102742,,
QC_Day_2012329_aid0001,aid0001,2012-11-24,131023,19387834,685592,,1689756,4691200,60,,45185,241391,,
QC_Day_2012337_aid0001,aid0001,2012-12-02,84668,19387834,735321,,993165,4693046,97,,7288,183956,,
QC_Day_2012345_aid0001,aid0001,2012-12-10,422793,19387834,625935,3.0,1653838,4286084,168,,160245,539044,,
QC_Day_2012353_aid0001,aid0001,2012-12-18,488452,19387834,412532,,1516396,4733583,11,,109184,406673,,
QC_Day_2012361_aid0001,aid0001,2012-12-26,825569,19387834,414369,,1500951,4395635,2,,97060,365381,,
QC_Day_2013001_aid0001,aid0001,2013-01-01,277444,19387834,379876,1.0,1228626,4841765,29,,46595,387296,,
QC_Day_2013009_aid0001,aid0001,2013-01-09,248575,19387834,804159,,1428011,4646209,39,,55503,177085,,
QC_Day_2013017_aid0001,aid0001,2013-01-17,1200304,19387834,437928,,984673,4347675,35,,55107,581594,,
QC_Day_2013025_aid0001,aid0001,2013-01-25,116186,19387834,490190,1.0,1064319,5129385,13,,44530,22097,,
QC_Day_2013033_aid0001,aid0001,2013-02-02,20067,19387834,297128,,1005368,5281129,16,,8202,60748,,
QC_Day_2013041_aid0001,aid0001,2013-02-10,980817,19387834,398244,3.0,1586018,3966760,22,,84888,887274,3.0,
QC_Day_2013049_aid0001,aid0001,2013-02-18,717432,19387834,789123,,1668337,4530321,6,,30466,207868,1.0,
QC_Day_2013057_aid0001,aid0001,2013-02-26,1309563,19387834,1194338,,1208822,3656533,20,,43326,317574,,
QC_Day_2013065_aid0001,aid0001,2013-03-06,385298,19387834,919300,,1808648,4563385,3,,22824,138979,,
QC_Day_2013073_aid0001,aid0001,2013-03-14,122271,19387834,1393893,4.0,1340569,4226437,21,,5233,8859,,
QC_Day_2013081_aid0001,aid0001,2013-03-22,510144,19387834,1628842,,1438817,3712516,19,,19696,203503,,
QC_Day_2013089_aid0001,aid0001,2013-03-30,680777,19387834,1839082,5.0,1582695,3375443,29,,48427,142612,,
QC_Day_2013097_aid0001,aid0001,2013-04-07,273077,19387834,883581,2.0,1571809,4721400,24,,23335,16331,,
QC_Day_2013105_aid0001,aid0001,2013-04-15,157082,19387834,2816599,9.0,1182556,2805474,514,,2964,3650,,
QC_Day_2013113_aid0001,aid0001,2013-04-23,140904,19387834,2406790,1.0,1002131,3223186,590,,3428,2814,,
QC_Day_2013121_aid0001,aid0001,2013-05-01,86184,19387834,2441951,1.0,1471588,3171468,60,,1611,2675,,
QC_Day_2013129_aid0001,aid0001,2013-05-09,215926,19387834,2967759,2.0,1924543,2560431,88,,7378,32068,,
QC_Day_2013137_aid0001,aid0001,2013-05-17,130273,19387834,3653115,12.0,1542822,1958382,440,,22408,6845,3.0,
QC_Day_2013145_aid0001,aid0001,2013-05-25,197309,19387834,3467570,171.0,1303627,2106018,1532,,1110,5769,,
QC_Day_2013153_aid0001,aid0001,2013-06-02,509299,19387834,2816479,31.0,1249806,2477288,242,,5184,19576,,
QC_Day_2013161_aid0001,aid0001,2013-06-10,170195,19387834,3546932,10.0,1156917,2033051,340,,4996,4752,,
QC_Day_2013169_aid0001,aid0001,2013-06-18,103562,19387834,4074161,266.0,1053304,1558303,1659,,728,1920,2.0,
QC_Day_2013177_aid0001,aid0001,2013-06-26,58048,19387834,4508820,64.0,784247,1128069,482,,1337,1820,,
QC_Day_2013185_aid0001,aid0001,2013-07-04,87376,19387834,4191829,161.0,1399740,1440091,792,,1609,2035,3.0,
QC_Day_2013193_aid0001,aid0001,2013-07-12,325847,19387834,4141656,109.0,1412010,1463530,583,,492,3376,,
QC_Day_2013201_aid0001,aid0001,2013-07-20,110902,19387834,4647503,5.0,977721,989244,2201,,570,1682,1.0,
QC_Day_2013209_aid0001,aid0001,2013-07-28,56836,19387834,4523199,5.0,1148383,1112098,482,,827,1911,,
QC_Day_2013217_aid0001,aid0001,2013-08-05,76617,19387834,3822181,10.0,706404,1806771,759,,602,1690,2.0,
QC_Day_2013225_aid0001,aid0001,2013-08-13,69764,19387834,4541090,8.0,737050,1084646,1462,,363,1751,,
QC_Day_2013233_aid0001,aid0001,2013-08-21,90624,19387834,3464423,10.0,706251,2161483,1021,,374,1149,,
QC_Day_2013241_aid0001,aid0001,2013-08-29,24366,19387834,2330305,7.0,621366,3305810,53,,215,970,,
QC_Day_2013249_aid0001,aid0001,2013-09-06,89933,19387834,1920922,1.0,1009482,3707843,754,,1026,3687,,
QC_Day_2013257_aid0001,aid0001,2013-09-14,83347,19387834,1849212,137.0,1100685,3786390,940,,521,2090,,
QC_Day_2013265_aid0001,aid0001,2013-09-22,67559,19387834,957178,7.0,624027,4677764,820,,496,4230,,
QC_Day_2013273_aid0001,aid0001,2013-09-30,69732,19387834,887568,38.0,927876,4746618,367,,2677,2117,7.0,
QC_Day_2013281_aid0001,aid0001,2013-10-08,67482,19387834,624091,4.0,742626,4992165,826,,8267,22563,,
QC_Day_2013289_aid0001,aid0001,2013-10-16,68283,19387834,540211,1.0,1112056,5049113,226,,10119,48009,,
QC_Day_2013297_aid0001,aid0001,2013-10-24,85156,19387834,498474,2.0,1149211,5074736,1157,,15037,65311,,
QC_Day_2013305_aid0001,aid0001,2013-11-01,46085,19387834,390092,2.0,892140,5215500,84,,4187,32539,,
QC_Day_2013313_aid0001,aid0001,2013-11-09,135636,19387834,408121,,1314810,5179003,32,,40595,49527,,
QC_Day_2013321_aid0001,aid0001,2013-11-17,588024,19387834,809989,,1412942,4603234,67,,100107,168087,,
QC_Day_2013329_aid0001,aid0001,2013-11-25,616389,19387834,596973,1.0,1091154,4816670,46,,84919,173752,,
QC_Day_2013337_aid0001,aid0001,2013-12-03,138147,19387834,716099,,1095493,4767284,22,,41420,140735,,
QC_Day_2013345_aid0001,aid0001,2013-12-11,91097,19387834,452658,,1323747,5013401,39,,37466,169686,,
QC_Day_2013353_aid0001,aid0001,2013-12-19,440924,19387834,398578,2.0,1103318,4801362,89,,52199,306751,,
QC_Day_2013361_aid0001,aid0001,2013-12-27,571285,19387834,634726,,997359,4618609,51,,86435,229671,9.0,
QC_Day_2014001_aid0001,aid0001,2014-01-01,68007,19387834,468380,6.0,1147089,5155099,415,,10761,19749,1.0,
QC_Day_2014009_aid0001,aid0001,2014-01-09,933237,19387834,261029,,858664,5142963,31,,32961,114562,,
QC_Day_2014017_aid0001,aid0001,2014-01-17,1500849,19387834,860093,,823323,3666701,7,,57951,521285,,
QC_Day_2014025_aid0001,aid0001,2014-01-25,786120,19387834,674147,,832107,4595908,35,,80640,301906,,
QC_Day_2014033_aid0001,aid0001,2014-02-02,1686481,19387834,773990,,603033,4244580,7,,28248,200097,,
QC_Day_2014041_aid0001,aid0001,2014-02-10,871161,19387834,1226988,2.0,1120583,3962100,71,,17129,202487,1.0,
QC_Day_2014049_aid0001,aid0001,2014-02-18,570821,19387834,902923,2.0,1068915,4589937,42,,57350,68084,,
QC_Day_2014057_aid0001,aid0001,2014-02-26,1109591,19387834,602452,14.0,1568117,4376921,65,,32299,155367,,
QC_Day_2014065_aid0001,aid0001,2014-03-06,474852,19387834,824311,,1458211,4574552,9,,27319,203442,,
QC_Day_2014073_aid0001,aid0001,2014-03-14,20612,19387834,1281423,1.0,1296762,4304312,28,,1943,54595,,
QC_Day_2014081_aid0001,aid0001,2014-03-22,300498,19387834,1392963,,1562425,4190268,8,,19478,32000,,
QC_Day_2014089_aid0001,aid0001,2014-03-30,87851,19387834,1685629,1.0,1918555,3816569,17,,20983,124621,,
QC_Day_2014097_aid0001,aid0001,2014-04-07,323973,19387834,2366687,,1784255,3230156,39,,13856,7457,,
QC_Day_2014105_aid0001,aid0001,2014-04-15,209659,19387834,2436414,8.0,1298389,3196484,563,,17033,2422,,
QC_Day_2014113_aid0001,aid0001,2014-04-23,81963,19387834,3345418,16.0,1414037,2261145,174,,7252,8315,5.0,
QC_Day_2014121_aid0001,aid0001,2014-05-01,394118,19387834,3419152,262.0,1037214,1993932,979,1.0,1251,21329,,
QC_Day_2014129_aid0001,aid0001,2014-05-09,81677,19387834,3351096,10.0,1902909,2276166,64,,2111,5972,,
QC_Day_2014137_aid0001,aid0001,2014-05-17,139755,19387834,2779834,2.0,1873259,2839898,451,,1473,2453,,
QC_Day_2014145_aid0001,aid0001,2014-05-25,103853,19387834,3859177,96.0,1470462,1766919,715,,2028,2552,1.0,
QC_Day_2014153_aid0001,aid0001,2014-06-02,137649,19387834,4592755,40.0,1474425,1031675,436,,3236,2829,,
QC_Day_2014161_aid0001,aid0001,2014-06-10,164374,19387834,4234658,38.0,1119692,1382514,668,,1730,2612,,
QC_Day_2014169_aid0001,aid0001,2014-06-18,103808,19387834,4628199,19.0,1133542,998631,389,8.0,341,1904,,5.0
QC_Day_2014177_aid0001,aid0001,2014-06-26,79505,19387834,4736570,122.0,845404,895677,2228,1.0,1882,1168,,
QC_Day_2014185_aid0001,aid0001,2014-07-04,105067,19387834,4791981,149.0,848402,836481,1269,,768,1728,3.0,
QC_Day_2014193_aid0001,aid0001,2014-07-12,81413,19387834,3878219,43.0,1119845,1738895,615,,1210,3561,3.0,2.0
QC_Day_2014201_aid0001,aid0001,2014-07-20,68530,19387834,4681923,57.0,1106348,948564,938,,719,2347,,
QC_Day_2014209_aid0001,aid0001,2014-07-28,52527,19387834,5103483,16.0,756366,532113,1059,,1612,967,,
QC_Day_2014217_aid0001,aid0001,2014-08-05,101155,19387834,4976775,54.0,921963,656711,1831,,456,2157,,
QC_Day_2014225_aid0001,aid0001,2014-08-13,58600,19387834,4584749,24.0,802194,1032202,339,,1695,2392,,
QC_Day_2014233_aid0001,aid0001,2014-08-21,70376,19387834,2790610,2.0,946314,2839296,112,,919,2535,3.0,
QC_Day_2014241_aid0001,aid0001,2014-08-29,61252,19387834,2290548,4.0,632504,3331135,48,,434,2953,,
QC_Day_2014249_aid0001,aid0001,2014-09-06,24468,19387834,2149085,11.0,750785,3482658,420,,409,2240,,
QC_Day_2014257_aid0001,aid0001,2014-09-14,63613,19387834,1640030,35.0,505740,3991981,1251,,582,1494,,
QC_Day_2014265_aid0001,aid0001,2014-09-22,60755,19387834,1476949,18.0,664819,4162229,345,,1627,1239,,
QC_Day_2014273_aid0001,aid0001,2014-09-30,43250,19387834,1119969,7.0,375246,4508744,185,,718,2559,,
QC_Day_2014281_aid0001,aid0001,2014-10-08,38277,19387834,637127,64.0,702968,4998048,614,,1843,1742,,
QC_Day_2014289_aid0001,aid0001,2014-10-16,30762,19387834,495920,16.0,459145,5130435,211,,1538,6444,,
QC_Day_2014297_aid0001,aid0001,2014-10-24,57404,19387834,505016,9.0,636434,4998773,477,,2578,129790,,
QC_Day_2014305_aid0001,aid0001,2014-11-01,48925,19387834,370620,14.0,1288585,5199163,396,,15991,73095,7.0,
QC_Day_2014313_aid0001,aid0001,2014-11-09,84934,19387834,548480,3.0,1052309,4918517,688,,13510,159431,10.0,
QC_Day_2014321_aid0001,aid0001,2014-11-17,88693,19387834,532424,65.0,1451578,4854253,602,,23969,228402,16.0,
QC_Day_2014329_aid0001,aid0001,2014-11-25,360591,19387834,449639,,1684631,4704792,360,,153760,422401,,
QC_Day_2014337_aid0001,aid0001,2014-12-03,534744,19387834,537085,1.0,1827184,4832657,130,,126630,223075,6.0,
QC_Day_2014345_aid0001,aid0001,2014-12-11,136590,19387834,668498,1.0,1305712,4843859,11,4.0,24557,113014,,
QC_Day_2014353_aid0001,aid0001,2014-12-19,320937,19387834,591134,1.0,1588256,4699989,38,,71354,268691,,
QC_Day_2014361_aid0001,aid0001,2014-12-27,1318351,19387834,435466,,931215,4784152,37,,68017,124152,,
QC_Day_2015001_aid0001,aid0001,2015-01-01,2293657,19387834,289595,,1016449,3830459,20,,41158,517798,1.0,
QC_Day_2015009_aid0001,aid0001,2015-01-09,1433305,19387834,848458,,883559,4214550,35,,97212,246381,5.0,
QC_Day_2015017_aid0001,aid0001,2015-01-17,693251,19387834,715845,1.0,1050819,4741016,11,,86717,115129,,
QC_Day_2015025_aid0001,aid0001,2015-01-25,447537,19387834,759509,1.0,1257780,4504802,13,,30599,201524,,
QC_Day_2015033_aid0001,aid0001,2015-02-02,63616,19387834,356064,,975054,5205820,108,,13297,76421,,
QC_Day_2015041_aid0001,aid0001,2015-02-10,336662,19387834,447604,,1460932,5018443,9,,47900,168941,,
QC_Day_2015049_aid0001,aid0001,2015-02-18,709160,19387834,527508,,1695119,4552567,35,,54651,451557,,
QC_Day_2015057_aid0001,aid0001,2015-02-26,1042331,19387834,1223271,1.0,1454101,3363739,77,,57191,473072,,
QC_Day_2015065_aid0001,aid0001,2015-03-06,323646,19387834,1224138,,1117361,4272175,107,,47187,125782,,
QC_Day_2015073_aid0001,aid0001,2015-03-14,55709,19387834,1372626,,931523,4244344,6,,5621,16130,,
QC_Day_2015081_aid0001,aid0001,2015-03-22,148423,19387834,2250531,,1536346,3312259,45,,17009,56245,,
QC_Day_2015089_aid0001,aid0001,2015-03-30,280078,19387834,1826486,93.0,2010245,3633773,198,,11736,62692,,
QC_Day_2015097_aid0001,aid0001,2015-04-07,220791,19387834,2489349,5.0,1340062,3062213,602,,8011,14206,12.0,
QC_Day_2015105_aid0001,aid0001,2015-04-15,948206,19387834,3084235,41.0,1256209,1712989,611,,15952,82616,,
QC_Day_2015113_aid0001,aid0001,2015-04-23,128326,19387834,4195347,2.0,1063529,1377459,137,,2229,7227,,
QC_Day_2015121_aid0001,aid0001,2015-05-01,85157,19387834,4385382,1.0,777184,1238825,293,,2910,1443,,
QC_Day_2015129_aid0001,aid0001,2015-05-09,82255,19387834,4878113,50.0,742595,738043,966,,664,1527,,
QC_Day_2015137_aid0001,aid0001,2015-05-17,234632,19387834,2890981,6.0,1192358,2557195,355,,811,5339,,
QC_Day_2015145_aid0001,aid0001,2015-05-25,372547,19387834,2841086,142.0,1376702,2594288,952,,6267,6445,,
QC_Day_2015153_aid0001,aid0001,2015-06-02,78700,19387834,4458833,23.0,982761,1163887,390,,1329,2547,,
QC_Day_2015161_aid0001,aid0001,2015-06-10,308269,19387834,3150283,190.0,1832599,2403912,1151,,2345,3756,,
QC_Day_2015169_aid0001,aid0001,2015-06-18,62760,19387834,4094516,178.0,1215639,1524547,613,,994,2120,,
QC_Day_2015177_aid0001,aid0001,2015-06-26,118934,19387834,4749856,52.0,988929,884378,1718,,239,2028,,
QC_Day_2015185_aid0001,aid0001,2015-07-04,90228,19387834,4238788,125.0,1153454,1391611,371,,697,2561,,
QC_Day_2015193_aid0001,aid0001,2015-07-12,119467,19387834,4228672,315.0,949723,1383454,961,2.0,1007,2325,,
QC_Day_2015201_aid0001,aid0001,2015-07-20,98118,19387834,4076473,88.0,1346598,1536459,295,,710,3194,,
QC_Day_2015209_aid0001,aid0001,2015-07-28,236495,19387834,4154627,205.0,897648,1388218,2240,2.0,721,4622,,
QC_Day_2015217_aid0001,aid0001,2015-08-05,91933,19387834,4495971,123.0,995541,1129580,639,,180,2844,,
QC_Day_2015225_aid0001,aid0001,2015-08-13,55427,19387834,4297892,546.0,878425,1335534,2476,,385,1756,,
QC_Day_2015233_aid0001,aid0001,2015-08-21,136241,19387834,3269926,15.0,1330590,2344421,298,,867,2931,,
QC_Day_2015241_aid0001,aid0001,2015-08-29,67380,19387834,3068770,30.0,987835,2564415,1237,,150,2021,,
QC_Day_2015249_aid0001,aid0001,2015-09-06,39752,19387834,2463126,64.0,795939,3171335,478,,1139,1401,5.0,
QC_Day_2015257_aid0001,aid0001,2015-09-14,16450,19387834,2067628,67.0,993419,3569596,319,,793,4026,,
QC_Day_2015265_aid0001,aid0001,2015-09-22,27950,19387834,1194039,18.0,1071947,4439157,198,,3870,2599,,
QC_Day_2015273_aid0001,aid0001,2015-09-30,34222,19387834,413305,5.0,789413,5218889,417,,1726,4990,,
QC_Day_2015281_aid0001,aid0001,2015-10-08,47896,19387834,544176,6.0,1197438,4971285,133,,6541,117421,,
QC_Day_2015289_aid0001,aid0001,2015-10-16,33942,19387834,691725,3.0,1127231,4917627,215,,2284,25504,,
QC_Day_2015297_aid0001,aid0001,2015-10-24,98657,19387834,562663,3.0,1747601,4753036,180,,10973,298459,,
QC_Day_2015305_aid0001,aid0001,2015-11-01,132607,19387834,763854,20.0,1805238,4764786,117,,53300,93330,,
QC_Day_2015313_aid0001,aid0001,2015-11-09,60776,19387834,495841,,1672229,5060369,106,,31292,83792,1.0,
QC_Day_2015321_aid0001,aid0001,2015-11-17,27825,19387834,397300,,744972,5203591,120,,4214,36021,,
QC_Day_2015329_aid0001,aid0001,2015-11-25,79436,19387834,633585,,1422713,4884864,282,,40611,121050,,
QC_Day_2015337_aid0001,aid0001,2015-12-03,181461,19387834,378913,,1534165,4947447,39,,149237,286476,,
QC_Day_2015345_aid0001,aid0001,2015-12-11,602804,19387834,346432,,1312454,4807580,55,,117373,420503,,
QC_Day_2015353_aid0001,aid0001,2015-12-19,1261860,19387834,748453,,868664,4256375,22,,65663,406167,,
QC_Day_2015361_aid0001,aid0001,2015-12-27,1430291,19387834,570852,,736997,4341849,35,,17304,110827,,
QC_Day_2016001_aid0001,aid0001,2016-01-01,58755,19387834,749014,,1290988,4781280,67,,6469,106564,,
QC_Day_2016009_aid0001,aid0001,2016-01-09,164554,19387834,728259,,1635945,4414236,11,,34708,370289,,
QC_Day_2016017_aid0001,aid0001,2016-01-17,411156,19387834,1099135,41.0,1903411,3756852,308,,73592,604741,,
QC_Day_2016025_aid0001,aid0001,2016-01-25,1368530,19387834,891622,8.0,1190020,3999473,49,,98767,460188,,
QC_Day_2016033_aid0001,aid0001,2016-02-02,711189,19387834,391927,,1128375,5056523,27,,86712,88699,,
QC_Day_2016041_aid0001,aid0001,2016-02-10,110914,19387834,436747,1.0,864018,5161592,35,,13112,35415,,
QC_Day_2016049_aid0001,aid0001,2016-02-18,69979,19387834,850404,,1292241,4701205,31,,27364,83231,,
QC_Day_2016057_aid0001,aid0001,2016-02-26,39276,19387834,691326,,1352747,4823840,18,,15414,122918,4.0,
QC_Day_2016065_aid0001,aid0001,2016-03-05,1171309,19387834,605124,,1509466,4137425,19,,61006,520551,,
QC_Day_2016073_aid0001,aid0001,2016-03-13,737192,19387834,1492680,15.0,1360090,3682009,51,,111115,324788,,
QC_Day_2016081_aid0001,aid0001,2016-03-21,331562,19387834,1661473,,1462688,3784877,91,,15542,56871,,
QC_Day_2016089_aid0001,aid0001,2016-03-29,68707,19387834,1619254,1.0,1402947,4001768,83,,18613,15326,,
QC_Day_2016097_aid0001,aid0001,2016-04-06,185408,19387834,2647600,,1330449,2862449,208,,9727,43825,,
QC_Day_2016105_aid0001,aid0001,2016-04-14,83826,19387834,1459178,,2069837,4163512,43,,6460,10930,,
QC_Day_2016113_aid0001,aid0001,2016-04-22,123967,19387834,2851439,6.0,1107939,2784079,131,,6543,3602,,
QC_Day_2016121_aid0001,aid0001,2016-04-30,298374,19387834,2826629,5.0,1808364,2509649,439,,18063,157072,,
QC_Day_2016129_aid0001,aid0001,2016-05-08,108732,19387834,4768129,65.0,894669,871783,1641,,8923,1753,,
QC_Day_2016137_aid0001,aid0001,2016-05-16,159660,19387834,4194989,109.0,1117912,1447623,1653,,10642,1438,6.0,
QC_Day_2016145_aid0001,aid0001,2016-05-24,48816,19387834,3705122,32.0,1698080,1929544,1079,,2324,1496,,
QC_Day_2016153_aid0001,aid0001,2016-06-01,293431,19387834,2992354,14.0,1128628,2543426,222,1.0,924,3855,,
QC_Day_2016161_aid0001,aid0001,2016-06-09,153437,19387834,3375098,12.0,1061831,2194267,885,2.0,676,2132,,
QC_Day_2016169_aid0001,aid0001,2016-06-17,456290,19387834,3354516,9.0,1297558,2136951,805,6.0,4000,4474,1.0,8.0
QC_Day_2016177_aid0001,aid0001,2016-06-25,99323,19387834,4268647,8.0,969659,1358379,358,,1455,2552,,
QC_Day_2016185_aid0001,aid0001,2016-07-03,347346,19387834,3245013,4.0,997856,2231414,527,5.0,2766,3274,,
QC_Day_2016193_aid0001,aid0001,2016-07-11,430816,19387834,4329134,84.0,946973,1033794,1167,,1707,24607,,
QC_Day_2016201_aid0001,aid0001,2016-07-19,129965,19387834,3950213,201.0,1133918,1660834,1509,,234,3077,,5.0
QC_Day_2016209_aid0001,aid0001,2016-07-27,91967,19387834,4757645,120.0,790417,867594,1471,3.0,4176,1871,,
QC_Day_2016217_aid0001,aid0001,2016-08-04,72528,19387834,4674885,26.0,1216658,957347,293,,1041,2704,,
QC_Day_2016225_aid0001,aid0001,2016-08-12,70967,19387834,4198905,24.0,1037545,1438121,580,,583,2042,,
QC_Day_2016233_aid0001,aid0001,2016-08-20,77746,19387834,3624830,22.0,1362110,2003991,1367,,2055,2581,15.0,3.0
QC_Day_2016241_aid0001,aid0001,2016-08-28,116277,19387834,3505777,20.0,1204250,2115914,231,,1175,5347,,
QC_Day_2016249_aid0001,aid0001,2016-09-05,64953,19387834,3118400,16.0,1454592,2524161,216,,1292,3265,,
QC_Day_2016257_aid0001,aid0001,2016-09-13,450811,19387834,3008974,1.0,2032941,2487663,209,,13513,38482,,
QC_Day_2016265_aid0001,aid0001,2016-09-21,141862,19387834,2903891,2.0,1329112,2722378,207,,9871,12336,,
QC_Day_2016273_aid0001,aid0001,2016-09-29,130085,19387834,1986951,3.0,1017666,3653121,760,,14598,5303,,
QC_Day_2016281_aid0001,aid0001,2016-10-07,17344,19387834,1486150,4.0,601100,4151860,438,,946,1140,,
QC_Day_2016289_aid0001,aid0001,2016-10-15,58531,19387834,1383714,15.0,1409523,4260525,300,,3283,3929,,
QC_Day_2016297_aid0001,aid0001,2016-10-23,65206,19387834,913891,3.0,1132719,4706158,261,,4667,15153,,
QC_Day_2016305_aid0001,aid0001,2016-10-31,94388,19387834,505612,87.0,1134367,5066683,639,,6969,69492,,
QC_Day_2016313_aid0001,aid0001,2016-11-08,70631,19387834,709075,12.0,1499954,4897214,377,,11333,34434,,
QC_Day_2016321_aid0001,aid0001,2016-11-16,78766,19387834,364555,,1116481,5230592,108,,19096,47767,,
QC_Day_2016329_aid0001,aid0001,2016-11-24,131339,19387834,332273,,1512336,5139129,117,,43673,166235,,
QC_Day_2016337_aid0001,aid0001,2016-12-02,122362,19387834,877861,8.0,1146456,4459648,242,,18542,257244,,
QC_Day_2016345_aid0001,aid0001,2016-12-10,432558,19387834,243168,,1476548,5199036,70,,112187,173058,2.0,
QC_Day_2016353_aid0001,aid0001,2016-12-18,1263188,19387834,701657,5.0,1227670,3970702,62,,114187,433515,,
QC_Day_2016361_aid0001,aid0001,2016-12-26,1979322,19387834,591571,5.0,1151008,3854071,49,,28710,350894,,
QC_Day_2017001_aid0001,aid0001,2017-01-01,1482168,19387834,492141,,1052618,4557956,30,,57676,305645,1.0,
QC_Day_2017009_aid0001,aid0001,2017-01-09,2171493,19387834,658398,,932956,3486141,144,,42317,439532,,
QC_Day_2017017_aid0001,aid0001,2017-01-17,1244293,19387834,711626,1.0,1251688,3809373,94,,39098,599254,,
QC_Day_2017025_aid0001,aid0001,2017-01-25,422925,19387834,612441,,1355582,4672579,16,,48074,250975,,
QC_Day_2017033_aid0001,aid0001,2017-02-02,1302833,19387834,801630,,986828,4042522,50,,18538,393254,,
QC_Day_2017041_aid0001,aid0001,2017-02-10,837341,19387834,758536,5.0,1133083,4427994,55,,48089,250919,,
QC_Day_2017049_aid0001,aid0001,2017-02-18,428848,19387834,573129,1.0,959452,4880151,40,,78497,111340,,
QC_Day_2017057_aid0001,aid0001,2017-02-26,288863,19387834,290860,,1763663,5235264,11,,33309,101074,,
QC_Day_2017065_aid0001,aid0001,2017-03-06,773374,19387834,905844,2.0,1199644,4377185,22,,58756,131663,,
QC_Day_2017073_aid0001,aid0001,2017-03-14,498128,19387834,1416581,,1448837,4149329,9,,32319,38732,,
QC_Day_2017081_aid0001,aid0001,2017-03-22,468451,19387834,1312664,4.0,1584154,4037549,24,,49460,193454,1.0,
QC_Day_2017089_aid0001,aid0001,2017-03-30,193323,19387834,2286055,,1293202,3348241,32,,21209,2801,,
QC_Day_2017097_aid0001,aid0001,2017-04-07,295234,19387834,2350214,,1064711,3263654,152,,33368,6567,,
QC_Day_2017105_aid0001,aid0001,2017-04-15,117686,19387834,2059790,,1783834,3518882,12,,7619,30497,,
QC_Day_2017113_aid0001,aid0001,2017-04-23,230033,19387834,3343150,,1230337,2229110,64,,29794,14082,,
QC_Day_2017121_aid0001,aid0001,2017-05-01,65886,19387834,4374490,15.0,1408867,1264875,347,,1758,2368,,
QC_Day_2017129_aid0001,aid0001,2017-05-09,75366,19387834,4207464,2.0,1097106,1404425,37,,1148,1910,,
QC_Day_2017137_aid0001,aid0001,2017-05-17,50156,19387834,4377345,65.0,1429264,1256656,630,,1760,2564,,
QC_Day_2017145_aid0001,aid0001,2017-05-25,59226,19387834,4781491,8.0,1097339,855910,337,,4122,1736,,
QC_Day_2017153_aid0001,aid0001,2017-06-02,76197,19387834,5167277,,782872,464348,95,,1751,1937,,
QC_Day_2017161_aid0001,aid0001,2017-06-10,160862,19387834,4268340,72.0,1199197,1356887,866,,2757,2816,,
QC_Day_2017169_aid0001,aid0001,2017-06-18,81112,19387834,4849306,15.0,850442,782778,539,,1021,1281,,
QC_Day_2017177_aid0001,aid0001,2017-06-26,156580,19387834,4254712,57.0,1132078,1385884,1056,,12789,1035,,
QC_Day_2017185_aid0001,aid0001,2017-07-04,88533,19387834,3848304,106.0,1739991,1778498,703,1.0,7222,2919,3.0,
QC_Day_2017193_aid0001,aid0001,2017-07-12,130165,19387834,4521631,90.0,1291196,1106405,770,1.0,4160,2265,1.0,
QC_Day_2017201_aid0001,aid0001,2017-07-20,70286,19387834,5020092,65.0,929610,615231,1114,,2810,1572,,
QC_Day_2017209_aid0001,aid0001,2017-07-28,96081,19387834,4812526,25.0,975965,813827,137,1.0,1368,2263,,
QC_Day_2017217_aid0001,aid0001,2017-08-05,93881,19387834,4588910,20.0,932908,1039293,637,3.0,1283,1470,,
QC_Day_2017225_aid0001,aid0001,2017-08-13,43360,19387834,3845258,68.0,764805,1783938,921,1.0,18,1515,,
QC_Day_2017233_aid0001,aid0001,2017-08-21,52605,19387834,4013519,93.0,843704,1614539,570,,126,2811,,
QC_Day_2017241_aid0001,aid0001,2017-08-29,84770,19387834,3212082,3.0,814533,2414246,224,,2337,2020,,
QC_Day_2017249_aid0001,aid0001,2017-09-06,143430,19387834,2462702,144.0,764375,3164645,2097,,816,2184,8.0,
QC_Day_2017257_aid0001,aid0001,2017-09-14,105397,19387834,1568590,729.0,579361,4065100,2393,,15384,898,2.0,
QC_Day_2017265_aid0001,aid0001,2017-09-22,162285,19387834,1284907,4.0,894382,4334834,506,,2271,2892,16.0,
QC_Day_2017273_aid0001,aid0001,2017-09-30,67017,19387834,1653062,17.0,1401410,3977048,367,,11817,10319,,
QC_Day_2017281_aid0001,aid0001,2017-10-08,61390,19387834,1529386,17.0,1366811,3998465,123,,40763,108158,,
QC_Day_2017289_aid0001,aid0001,2017-10-16,188136,19387834,1041151,8.0,1309256,4562879,149,,15887,22393,,
QC_Day_2017297_aid0001,aid0001,2017-10-24,36309,19387834,722938,3.0,1227894,4891078,67,,5991,25435,,
QC_Day_2017305_aid0001,aid0001,2017-11-01,65032,19387834,575541,9.0,1107623,5053736,714,,12990,15657,1.0,
QC_Day_2017313_aid0001,aid0001,2017-11-09,375187,19387834,760136,,1851287,4498940,54,,75519,288792,,
QC_Day_2017321_aid0001,aid0001,2017-11-17,189668,19387834,408369,,1868300,5028264,21,,34355,184571,,
QC_Day_2017329_aid0001,aid0001,2017-11-25,188572,19387834,514875,,2091545,4796701,35,,80879,294922,,
QC_Day_2017337_aid0001,aid0001,2017-12-03,172884,19387834,557107,,1068752,4948702,54,,27489,114676,8.0,
QC_Day_2017345_aid0001,aid0001,2017-12-11,106948,19387834,375748,,1311152,5167940,30,,16577,94424,,
QC_Day_2017353_aid0001,aid0001,2017-12-19,180634,19387834,287352,,1594866,5058983,22,,82158,282370,,
QC_Day_2017361_aid0001,aid0001,2017-12-27,1422742,19387834,780451,,1520661,3296947,20,,92133,496216,,
QC_Day_2018001_aid0001,aid0001,2018-01-01,593754,19387834,483187,,1150081,4940485,56,,76126,168560,,
QC_Day_2018009_aid0001,aid0001,2018-01-09,944693,19387834,722933,,1185866,4042430,18,,43303,369472,,
QC_Day_2018017_aid0001,aid0001,2018-01-17,1247431,19387834,578453,1.0,629910,4733139,36,,31932,196878,20.0,
QC_Day_2018025_aid0001,aid0001,2018-01-25,1155259,19387834,747281,1.0,1611362,3821441,24,,54756,620377,11.0,
QC_Day_2018033_aid0001,aid0001,2018-02-02,241426,19387834,569326,,1592036,4806872,16,,30923,225978,,
QC_Day_2018041_aid0001,aid0001,2018-02-10,348905,19387834,898777,6.0,928642,4449882,61,,31408,255528,,
QC_Day_2018049_aid0001,aid0001,2018-02-18,786872,19387834,975133,,1501995,4063947,44,,82968,354667,,
QC_Day_2018057_aid0001,aid0001,2018-02-26,819154,19387834,1153804,4.0,1106982,4282257,88,,101474,105937,,
QC_Day_2018065_aid0001,aid0001,2018-03-06,226606,19387834,1189143,1.0,940779,4431548,37,,33202,13379,,
QC_Day_2018073_aid0001,aid0001,2018-03-14,181600,19387834,1233163,,980261,4397042,18,,12679,6908,,
QC_Day_2018081_aid0001,aid0001,2018-03-22,529700,19387834,2001095,6.0,1281308,3583307,205,,22789,36963,,
QC_Day_2018089_aid0001,aid0001,2018-03-30,178800,19387834,1268911,12.0,1140728,4358095,207,,10515,8488,,
QC_Day_2018097_aid0001,aid0001,2018-04-07,63082,19387834,1366615,4.0,1528773,4224374,116,,13352,46197,,
QC_Day_2018105_aid0001,aid0001,2018-04-15,30717,19387834,1829157,60.0,1189665,3797529,468,,1060,12603,,
QC_Day_2018113_aid0001,aid0001,2018-04-23,34282,19387834,2967045,26.0,909106,2655161,219,,1692,9465,,
QC_Day_2018121_aid0001,aid0001,2018-05-01,61648,19387834,3693661,2.0,1325467,1944419,55,,5003,1482,2.0,
QC_Day_2018129_aid0001,aid0001,2018-05-09,93331,19387834,4770144,3.0,910541,852166,106,,2769,3276,,
QC_Day_2018137_aid0001,aid0001,2018-05-17,516462,19387834,4778988,135.0,884074,842542,1018,,5086,2125,,
QC_Day_2018145_aid0001,aid0001,2018-05-25,75568,19387834,4071185,10.0,1244546,1551383,112,,595,2389,,
QC_Day_2018153_aid0001,aid0001,2018-06-02,98079,19387834,4310779,24.0,1156670,1308934,231,,740,3159,,
QC_Day_2018161_aid0001,aid0001,2018-06-10,83070,19387834,4149939,44.0,1369479,1475036,662,,833,2111,2.0,
QC_Day_2018169_aid0001,aid0001,2018-06-18,138103,19387834,4113631,29.0,994052,1521093,438,,1542,2579,2.0,
QC_Day_2018177_aid0001,aid0001,2018-06-26,215600,19387834,4247755,13.0,1427615,1357623,336,1.0,2584,2733,6.0,
QC_Day_2018185_aid0001,aid0001,2018-07-04,102763,19387834,4693266,62.0,992779,930494,1904,,1223,1501,1.0,1.0
QC_Day_2018193_aid0001,aid0001,2018-07-12,73618,19387834,4707042,55.0,889125,916700,449,,3802,1921,,
QC_Day_2018201_aid0001,aid0001,2018-07-20,82923,19387834,4172512,99.0,1080837,1449718,1579,,467,1771,1.0,
QC_Day_2018209_aid0001,aid0001,2018-07-28,79481,19387834,4375321,28.0,1142553,1251011,755,6.0,1542,2736,,
QC_Day_2018217_aid0001,aid0001,2018-08-05,45805,19387834,4519291,90.0,795642,1111470,346,,1644,880,,
QC_Day_2018225_aid0001,aid0001,2018-08-13,55138,19387834,3874513,14.0,806872,1758562,489,,2008,1402,,
QC_Day_2018233_aid0001,aid0001,2018-08-21,54590,19387834,3549185,21.0,952520,2084502,622,,848,2528,,
QC_Day_2018241_aid0001,aid0001,2018-08-29,74948,19387834,2654696,28.0,988698,2968521,371,,520,3486,1.0,
QC_Day_2018249_aid0001,aid0001,2018-09-06,51008,19387834,2419245,11.0,611795,3214806,75,,555,1152,,
QC_Day_2018257_aid0001,aid0001,2018-09-14,54551,19387834,2415437,20.0,496056,3215770,143,,769,3258,,
QC_Day_2018265_aid0001,aid0001,2018-09-22,41744,19387834,748834,26.0,862577,4881812,603,,475,6527,,
QC_Day_2018273_aid0001,aid0001,2018-09-30,120703,19387834,1261138,25.0,673142,4271307,585,,496,74034,13.0,
QC_Day_2018281_aid0001,aid0001,2018-10-08,91551,19387834,1247075,14.0,1292190,4340938,191,,854,41476,,
QC_Day_2018289_aid0001,aid0001,2018-10-16,75522,19387834,621967,,1541684,4994378,23,,14705,22657,14.0,
QC_Day_2018297_aid0001,aid0001,2018-10-24,77112,19387834,716640,,800826,4784773,373,,4112,132734,,
QC_Day_2018305_aid0001,aid0001,2018-11-01,124941,19387834,1207531,,1573897,4338895,191,,22113,73790,4.0,
QC_Day_2018313_aid0001,aid0001,2018-11-09,68833,19387834,589514,1.0,1678259,5019345,93,,27674,36828,,
QC_Day_2018321_aid0001,aid0001,2018-11-17,136338,19387834,564765,1.0,1517612,5006471,120,,30752,60693,,
QC_Day_2018329_aid0001,aid0001,2018-11-25,136172,19387834,635822,,1149527,4944679,50,,33301,54418,,
QC_Day_2018337_aid0001,aid0001,2018-12-03,261362,19387834,524709,5.0,1243713,4999824,93,,58447,84001,,
QC_Day_2018345_aid0001,aid0001,2018-12-11,572259,19387834,792967,,1169231,4768494,62,,36664,52600,,
QC_Day_2018353_aid0001,aid0001,2018-12-19,248614,19387834,333573,2.0,1022387,5263346,20,,66862,38590,,
QC_Day_2018361_aid0001,aid0001,2018-12-27,858506,19387834,486933,,921695,4780735,18,,113352,277230,,
QC_Day_2019001_aid0001,aid0001,2019-01-01,111784,19387834,582199,,1526480,5006137,32,,21358,50447,,
QC_Day_2019009_aid0001,aid0001,2019-01-09,103068,19387834,393795,1.0,1139076,5094523,27,,19963,152938,,
QC_Day_2019017_aid0001,aid0001,2019-01-17,651910,19387834,535462,,1061619,4487319,10,,73080,507793,,
QC_Day_2019025_aid0001,aid0001,2019-01-25,1191580,19387834,522569,1.0,1036162,4569120,41,,40896,398820,24.0,
QC_Day_2019033_aid0001,aid0001,2019-02-02,550831,19387834,791613,,1351654,4568947,21,,65302,236234,,
QC_Day_2019041_aid0001,aid0001,2019-02-10,87281,19387834,455633,1.0,1103059,5154862,116,,26698,27018,,
QC_Day_2019049_aid0001,aid0001,2019-02-18,29730,19387834,350843,2.0,862054,5258392,17,,10902,28922,,
QC_Day_2019057_aid0001,aid0001,2019-02-26,237441,19387834,256459,1.0,1854164,4787884,24,,27889,580212,,
QC_Day_2019065_aid0001,aid0001,2019-03-06,206810,19387834,785283,,1494978,4697764,172,,31707,148373,,
QC_Day_2019073_aid0001,aid0001,2019-03-14,561497,19387834,672880,,1506131,4634358,16,,43261,263296,,
QC_Day_2019081_aid0001,aid0001,2019-03-22,696314,19387834,1541570,2.0,1159183,3826122,25,,57800,120346,,
QC_Day_2019089_aid0001,aid0001,2019-03-30,280615,19387834,1798215,,1114360,3835919,25,,26735,2652,,
QC_Day_2019097_aid0001,aid0001,2019-04-07,69284,19387834,1629277,3.0,1383243,3952389,18,,4608,33307,,
QC_Day_2019105_aid0001,aid0001,2019-04-15,58680,19387834,2577688,,1750405,3049605,13,,3708,9062,,
QC_Day_2019113_aid0001,aid0001,2019-04-23,102880,19387834,3278646,4.0,1501282,2324838,140,,6040,13620,,
QC_Day_2019121_aid0001,aid0001,2019-05-01,88304,19387834,3610504,6.0,1106876,2021319,51,,1080,2795,4.0,
QC_Day_2019129_aid0001,aid0001,2019-05-09,71720,19387834,4398470,16.0,976627,1224784,1435,,4641,2394,,
QC_Day_2019137_aid0001,aid0001,2019-05-17,97160,19387834,3162084,8.0,1676167,2464381,162,,3059,2166,,
QC_Day_2019145_aid0001,aid0001,2019-05-25,263257,19387834,4175711,24.0,1378761,1414053,2468,,1712,2197,,
QC_Day_2019153_aid0001,aid0001,2019-06-02,313987,19387834,4244762,162.0,1212814,1359698,549,,10968,2464,,
QC_Day_2019161_aid0001,aid0001,2019-06-10,121901,19387834,3833836,37.0,1584252,1758468,776,,634,3116,,
QC_Day_2019169_aid0001,aid0001,2019-06-18,92448,19387834,4217081,35.0,865439,1383622,270,,959,3077,,
QC_Day_2019177_aid0001,aid0001,2019-06-26,88045,19387834,4372831,10.0,1061801,1230643,392,,775,2254,,
QC_Day_2019185_aid0001,aid0001,2019-07-04,114149,19387834,4188102,3.0,1407603,1411111,276,,462,4445,,
QC_Day_2019193_aid0001,aid0001,2019-07-12,178888,19387834,4846581,80.0,856519,762685,3328,,2657,1195,26.0,
QC_Day_2019201_aid0001,aid0001,2019-07-20,117425,19387834,4252162,19.0,865293,1357098,339,,697,2264,,
QC_Day_2019209_aid0001,aid0001,2019-07-28,154485,19387834,4736702,716.0,1074386,883739,5394,,393,2501,,
QC_Day_2019217_aid0001,aid0001,2019-08-05,116042,19387834,4326317,22.0,1043516,1296194,1028,1.0,2444,2231,2.0,
QC_Day_2019225_aid0001,aid0001,2019-08-13,43990,19387834,4533697,76.0,721037,1098574,504,,1271,975,,
QC_Day_2019233_aid0001,aid0001,2019-08-21,57095,19387834,3795007,35.0,664544,1838106,1694,,635,1613,,
QC_Day_2019241_aid0001,aid0001,2019-08-29,14697,19387834,1950502,16.0,467898,3684413,97,,530,1243,,
QC_Day_2019249_aid0001,aid0001,2019-09-06,30986,19387834,2087302,29.0,390856,3547710,315,,677,647,,
QC_Day_2019257_aid0001,aid0001,2019-09-14,40578,19387834,1107758,7.0,446748,4526621,171,,1309,1483,,
QC_Day_2019265_aid0001,aid0001,2019-09-22,73461,19387834,1264213,30.0,780833,4362419,694,,1065,16005,1.0,
QC_Day_2019273_aid0001,aid0001,2019-09-30,73843,19387834,649127,23.0,469153,4986360,1096,,3521,1034,14.0,
QC_Day_2019281_aid0001,aid0001,2019-10-08,103506,19387834,676117,,622324,4952815,254,,1205,4315,,
QC_Day_2019289_aid0001,aid0001,2019-10-16,26034,19387834,417701,22.0,330685,5188338,809,,451,28529,,
QC_Day_2019297_aid0001,aid0001,2019-10-24,145529,19387834,339867,10.0,1193919,5234082,621,,28516,67971,,
QC_Day_2019305_aid0001,aid0001,2019-11-01,209038,19387834,588821,4.0,946178,5045027,62,,16529,3055,,
QC_Day_2019313_aid0001,aid0001,2019-11-09,110718,19387834,385897,19.0,551692,5184592,531,,4192,63762,,
QC_Day_2019321_aid0001,aid0001,2019-11-17,51120,19387834,244336,2.0,870311,5337953,206,,4635,54001,,
QC_Day_2019329_aid0001,aid0001,2019-11-25,44899,19387834,478156,,1224983,5090115,20,,21913,66576,,
QC_Day_2019337_aid0001,aid0001,2019-12-03,56235,19387834,239468,,695950,5312969,113,,2350,85179,,
QC_Day_2019345_aid0001,aid0001,2019-12-11,76722,19387834,301637,,1099113,5092152,122,,12405,232635,,
QC_Day_2019353_aid0001,aid0001,2019-12-19,56257,19387834,506444,2.0,1045626,4897342,81,,16560,229653,2.0,
QC_Day_2019361_aid0001,aid0001,2019-12-27,429357,19387834,678855,,1171869,4696714,24,,74094,238291,,
QC_Day_2020001_aid0001,aid0001,2020-01-01,817236,19387834,534922,,1174052,4362734,2,,66113,379372,,
QC_Day_2020009_aid0001,aid0001,2020-01-09,470737,19387834,717891,,1397644,4370897,15,,65753,421342,,
QC_Day_2020017_aid0001,aid0001,2020-01-17,405152,19387834,603052,2.0,1365513,4710818,21,,118224,244882,,
QC_Day_2020025_aid0001,aid0001,2020-01-25,1225407,19387834,323012,6.0,1104302,4883409,102,,40872,180657,5.0,
QC_Day_2020033_aid0001,aid0001,2020-02-02,745571,19387834,457654,4.0,1466894,4732494,79,,48341,337877,,
QC_Day_2020041_aid0001,aid0001,2020-02-10,162950,19387834,1106652,10.0,1574355,4408548,11,,34123,111279,,
QC_Day_2020049_aid0001,aid0001,2020-02-18,759519,19387834,891856,7.0,1275198,4512063,28,,93709,145331,,
QC_Day_2020057_aid0001,aid0001,2020-02-26,1007990,19387834,875542,3.0,1245393,4233262,15,,60855,105738,,
QC_Day_2020065_aid0001,aid0001,2020-03-05,517858,19387834,1063803,2.0,1403672,4547941,18,,34565,16320,,
QC_Day_2020073_aid0001,aid0001,2020-03-13,157536,19387834,1747461,1.0,1074221,3732025,14,,7127,92209,,
QC_Day_2020081_aid0001,aid0001,2020-03-21,181293,19387834,1681884,2.0,1363352,3938561,98,,17195,19583,,
QC_Day_2020089_aid0001,aid0001,2020-03-29,110938,19387834,1984956,,1779282,3631975,69,,8966,18991,,
QC_Day_2020097_aid0001,aid0001,2020-04-06,179798,19387834,2436067,2.0,1388755,3162461,151,,57027,14805,,
QC_Day_2020105_aid0001,aid0001,2020-04-14,85401,19387834,2584647,3.0,1143136,3012056,1043,,3901,36506,7.0,
QC_Day_2020113_aid0001,aid0001,2020-04-22,80115,19387834,2837732,4.0,899460,2776871,293,,1376,16150,,
QC_Day_2020121_aid0001,aid0001,2020-04-30,93537,19387834,4000044,41.0,834300,1633288,798,,4368,1661,,
QC_Day_2020129_aid0001,aid0001,2020-05-08,67968,19387834,3952632,9.0,1357878,1673916,584,,1825,2513,1.0,
QC_Day_2020137_aid0001,aid0001,2020-05-16,309781,19387834,4057941,1.0,1393128,1542649,29,,7397,3288,,
QC_Day_2020145_aid0001,aid0001,2020-05-24,163096,19387834,4102542,,991852,1500193,34,,1349,2166,,
QC_Day_2020153_aid0001,aid0001,2020-06-01,75294,19387834,4694018,,920193,929281,255,,1514,2166,,
QC_Day_2020161_aid0001,aid0001,2020-06-09,116844,19387834,4541909,36.0,1234869,1079278,657,,2160,2058,,
QC_Day_2020169_aid0001,aid0001,2020-06-17,129836,19387834,4363668,31.0,1235270,1217555,309,1.0,220,2738,,
QC_Day_2020177_aid0001,aid0001,2020-06-25,72250,19387834,4402697,59.0,1120287,1217072,1166,,739,1681,,
QC_Day_2020185_aid0001,aid0001,2020-07-03,128560,19387834,4430185,77.0,931404,1177922,1028,2.0,1364,2932,,
QC_Day_2020193_aid0001,aid0001,2020-07-11,83713,19387834,4638817,9.0,766622,981007,510,1.0,945,2456,,
QC_Day_2020201_aid0001,aid0001,2020-07-19,97982,19387834,4322140,15.0,899547,1285470,531,,214,1955,,
QC_Day_2020209_aid0001,aid0001,2020-07-27,68399,19387834,4539601,844.0,761278,1082636,2944,,1434,3140,,
QC_Day_2020217_aid0001,aid0001,2020-08-04,130682,19387834,3989868,7.0,955824,1585074,469,1.0,6353,3017,,
